,mc.BDES,mc.arima,mc.lm,mc.lm_OVERB,mc.lm_OVERT,mc.lm_OVERTPhi,mc.lm_SMOTEB,mc.lm_SMOTET,mc.lm_SMOTETPhi,mc.lm_UNDERB,mc.lm_UNDERT,mc.lm_UNDERTPhi,mc.mars,mc.mars_OVERB,mc.mars_OVERT,mc.mars_OVERTPhi,mc.mars_SMOTEB,mc.mars_SMOTET,mc.mars_SMOTETPhi,mc.mars_UNDERB,mc.mars_UNDERT,mc.mars_UNDERTPhi,mc.rf,mc.rf_OVERB,mc.rf_OVERT,mc.rf_OVERTPhi,mc.rf_SMOTEB,mc.rf_SMOTET,mc.rf_SMOTETPhi,mc.rf_UNDERB,mc.rf_UNDERT,mc.rf_UNDERTPhi,mc.rpart,mc.rpart_OVERB,mc.rpart_OVERT,mc.rpart_OVERTPhi,mc.rpart_SMOTEB,mc.rpart_SMOTET,mc.rpart_SMOTETPhi,mc.rpart_UNDERB,mc.rpart_UNDERT,mc.rpart_UNDERTPhi,mc.svm,mc.svm_OVERB,mc.svm_OVERT,mc.svm_OVERTPhi,mc.svm_SMOTEB,mc.svm_SMOTET,mc.svm_SMOTETPhi,mc.svm_UNDERB,mc.svm_UNDERT,mc.svm_UNDERTPhi
DS01,1.99995616112617e-05,1.9999570999455566e-05,1.999956418046596e-05,0.5443429372198431,0.5502231188247086,0.5492910681200442,0.5227400606444683,0.51457584736177,0.5149626040645419,0.5385104695877703,0.5303862616572708,0.5284511007407319,0.2519797871483909,0.5041371984216032,0.5084272277570084,0.5023802557856987,0.4903695936254547,0.5056962976629722,0.5111506485165771,0.49532982296241485,0.4891532227696838,0.5044670774766238,0.006133897680078304,0.22710746144617935,0.19215850343511182,0.15319315734205483,0.47545251165539343,0.5038387968309092,0.49965893041598114,0.32138967794224066,0.33699316718981953,0.40655990495952876,0.4429605921011187,0.4527979960512943,0.45408932779968886,0.45440217551959405,0.4717022291320475,0.47415115312939454,0.47412427519542455,0.4664364287580959,0.4553209230509536,0.4677416329898584,0.4273526977408283,0.4466790662713948,0.44790844568384935,0.4488903843963206,0.4412243692502436,0.44957625771876736,0.4521020924402231,0.44565892000997964,0.4549545089012538,0.4762459098640279
DS02,1.9999579313525956e-05,1.9999619230118356e-05,1.9999607742556044e-05,0.5903080052473093,0.5780972087725518,0.5799358802797553,0.5675485850114325,0.5513662670572984,0.552350521582731,0.5883089675116029,0.5936555643878997,0.5752246938907476,0.12967860999330524,0.5021788678436644,0.5237549546891684,0.5243758526446746,0.49259835362757487,0.4963425387526474,0.4976988228024314,0.4571627860023164,0.4959839979914698,0.48759334095624923,1.999955402639658e-05,0.17555327716975785,0.10094319856400887,0.13022385739819697,0.4669070806913892,0.49041298182896176,0.49783291137152885,0.32935894678948935,0.3843932498738194,0.3599379303852908,0.44283929873376016,0.4045287556510406,0.42221258224896324,0.42596613344736395,0.4481283256047845,0.44764520566670873,0.4474090028951821,0.42813957198231134,0.434927104001581,0.4374663376086577,0.19212554512999958,0.5145711759913797,0.5039444918258907,0.5034876876655214,0.4814791660702427,0.49954061766483604,0.49413858647610176,0.49316904890225666,0.4914684068008785,0.4862381036454878
DS03,1.999960575350784e-05,0.16630294508698631,0.08578196502236653,0.62945322760975,0.6487050079718257,0.6487765292100168,0.5923235193342706,0.5729009739768112,0.5782632448830928,0.6141656307240393,0.6052846191084148,0.6016576169690512,0.04047305680399483,0.5843688685891231,0.5677352444222842,0.5659212834290216,0.5647873628954675,0.5502176687962554,0.5545485949413202,0.5259802297061055,0.5428083237805735,0.5333657662688251,0.01809019048328082,0.1888192745949869,0.12255141445189677,0.10158432962728278,0.5112240923262477,0.4876101709958527,0.492409170168005,0.37372334349718955,0.40954908688799513,0.48125219360709104,0.5111260388240593,0.4840296118231022,0.46284892988834514,0.4611061073905944,0.4975098163216143,0.46003280172062305,0.4783571163773985,0.4937828686696011,0.4923124380223804,0.5003913990151251,0.5085439752033977,0.5221465811840283,0.5329524450623739,0.5313954958314463,0.4972579307543944,0.5031162234196904,0.4947383770387282,0.5004204662440488,0.49788628633201204,0.5040004734766127
DS04,0.6299145138046606,0.582263977293636,0.5928931033940688,0.5680153530092185,0.5617479384533867,0.5600790353963854,0.5395029732258828,0.5533620315294241,0.5418302278205289,0.5507761943033301,0.5572067789240698,0.5414300932428522,0.5213963027441608,0.49180102102342166,0.49571521511900024,0.5010496755994448,0.47949995971648185,0.5012411857888821,0.4945844747320352,0.46595604135856944,0.47390938233810176,0.46510413843557785,0.5727485591276184,0.5774081118065592,0.5722494550095921,0.5708016098367236,0.5610215284170791,0.5638286035879502,0.551057132111836,0.5680405008735956,0.5705408834926999,0.5621651882105883,0.4916138225410706,0.5988563112149465,0.5878188942900684,0.5876118467771628,0.5798407467799129,0.5668641435134331,0.5691314410321752,0.5848763872340718,0.5845270987758756,0.5666150550931299,0.5570318883415859,0.44233886839521525,0.43261033124072606,0.4320238274255619,0.42342272739958714,0.4476959977228324,0.4387592460929304,0.45170802111155445,0.45640146635603157,0.4567322752402343
DS05,0.21253933535488578,0.23483724950542714,0.34591111136867925,0.48060762051190586,0.4775037212837185,0.4775037212837185,0.495247800521116,0.48997887097974313,0.4905952893581717,0.48634368913058246,0.48630165131166814,0.4907503782262815,0.4391353903701935,0.4935318678890047,0.49396192087305385,0.49396192087305385,0.5001469925352632,0.5043670696805184,0.5080865995969104,0.5079517150569273,0.511028315658302,0.5158572169322085,0.4266678801135096,0.46062098010340713,0.4566296683564303,0.4566296683564303,0.5187534875414732,0.5011972149384492,0.5055802304060698,0.5548416230958154,0.5536259043315287,0.5513574713384363,0.42164598554081706,0.5357892869343482,0.533672352306917,0.533672352306917,0.5211626108023034,0.508519737427768,0.5095382602282507,0.5168430598049601,0.5178892153380787,0.521531929465466,0.4061748552103506,0.5189628901154391,0.5094083493870752,0.5094083493870752,0.5160755307265323,0.5117463988333847,0.5133627212436983,0.5237917846327682,0.5223318750239682,0.5254726845753893
DS06,1.999948497377758e-05,1.9999500417210524e-05,1.9999492618848606e-05,0.4300647887025737,0.43353215804811024,0.43616182942874987,0.44694353577228374,0.44657452365404526,0.4480275823457788,0.4302215965611444,0.4301327696582856,0.43746181368112347,0.19493897934193094,0.4413865973990108,0.44076994359982946,0.4378419916575956,0.4552539967584607,0.4483255822786947,0.4515765779493588,0.4397996344985538,0.4402355586500794,0.4494669907946327,0.15285746480691725,0.3831363125092912,0.37208207580554,0.37193802736454756,0.46536174405964686,0.45505009981739486,0.46137106495223057,0.47543258387430365,0.47740846336959264,0.4806949887149258,0.38596371952037034,0.44040195568770474,0.43521666150364857,0.43588860150889547,0.4551988018862209,0.4440274207058568,0.4511151283499437,0.43031647231270426,0.43193392221924726,0.43867424661975724,0.337697887191664,0.4495311061778298,0.43780257226090646,0.4387115436499768,0.4664257220823756,0.4506181464304134,0.453206818333952,0.4410142891264874,0.4433338157821526,0.4643940154995386
DS07,1.9999560495666003e-05,0.42102422003236883,0.5303877846441589,0.5373777974939061,0.5359501845423693,0.5364792415576572,0.5486808368941035,0.5537958248721302,0.5536618289642852,0.5368798180621653,0.5371012744475357,0.540224636341083,0.4789395233976479,0.5323309342136088,0.5315488029298278,0.532132809241832,0.547054338338584,0.5507931398537064,0.5505963317081535,0.5311028742622582,0.5318890859969528,0.5388193483431791,0.5094781132895784,0.5124506145275306,0.5038448162267231,0.5044449762907312,0.5413480695500262,0.5416218293808517,0.5515717349398728,0.5585060996858404,0.5605361022929385,0.5686574239519087,0.5084243812754924,0.5046468909769125,0.49551898331174515,0.5021991669683988,0.519020888702549,0.5004237079385337,0.5118190305198689,0.5214051098792007,0.5212178523060502,0.5330062222372796,0.4538765495385471,0.503382612113721,0.4965496060879723,0.4966285121603593,0.5084632963907318,0.5085372403749164,0.5059613361448781,0.5112772206864937,0.5066973128371945,0.5249969561659994
DS08,0.4568970350628515,0.5040467278815782,0.49783638875608416,0.47495482767023367,0.478595303066273,0.4778042835586453,0.4717326957997235,0.48648201573911265,0.4779507294599842,0.4892948723026314,0.4899622455051086,0.4928531988593847,0.5753557042166008,0.6399221313169461,0.6360725895150798,0.6363367711327467,0.6435778153802884,0.5884353487773318,0.6012062334243857,0.6323782317552106,0.6257137883999114,0.6332684365740543,0.6817566801083678,0.6951824357338894,0.6953865961067092,0.6947611841505886,0.7070812054250563,0.6980778267482399,0.6958519563266995,0.7008341785213719,0.6992398476268833,0.7017139810442695,0.6284139926818023,0.6476266058732131,0.6547598352069395,0.6528194836334725,0.6560435702893842,0.6353436933239768,0.6309611735253646,0.6461723564195926,0.6460975181006731,0.636821160270584,0.6320789808299674,0.6200149811824476,0.6359456701185591,0.6355262891467811,0.6078879631764023,0.5953099488453768,0.5611606234717135,0.6110286612847758,0.6122119500496491,0.5901307592549329
DS09,0.3017236947001234,0.26842292677189644,0.24761407970066948,0.2375909498085212,0.23541368195741216,0.23215068950942935,0.23797281270947704,0.24784049877608652,0.2438690210871357,0.23439697352058733,0.2382764563812126,0.23576783302580087,0.2619522455938447,0.26127272333059287,0.26180583577337263,0.2622255937491931,0.2772172150361822,0.28323223533686437,0.2867814435038629,0.2622560492865696,0.2692206748794359,0.28161293462239884,0.23811375840422325,0.23841823178648763,0.24289206688510304,0.23997862779400048,0.27565291629758115,0.27942328270552746,0.2783445571354808,0.2516605324620998,0.24891674695501473,0.2534008182072212,0.31573605698952706,0.2645970668639338,0.25182114152463053,0.26112410677815445,0.2989637072092425,0.2810641939525421,0.2812745794546264,0.30388709802380537,0.2938569985923126,0.30057660827536015,0.29105378927420034,0.2813168072165933,0.2829100236370115,0.2833904775876967,0.29371623359945465,0.27850296575770567,0.27745216626312963,0.29969725524159824,0.2984836433654922,0.28291319621514055
DS10,1.9999676402676175e-05,1.999968684298042e-05,1.9999686798007954e-05,0.6664029940708694,0.667211568204678,0.667211568204678,0.6642217457771707,0.6453716419880366,0.6432165521669924,0.6515607789741675,0.6485226141042656,0.6467741184129657,0.15337640651748657,0.6016866159545965,0.598832559094021,0.598832559094021,0.6027965185585951,0.5917368210000876,0.6125036082510381,0.49408901998854726,0.5455905508844879,0.6236262571076114,1.999967761787063e-05,0.5199828249485197,0.6043617938134185,0.6043617938134185,0.6145595095270654,0.6128546243928904,0.63275213683801,0.6486605186009933,0.6467510623494509,0.6471521835586177,0.5769943042782419,0.5604977461066301,0.5538365631039031,0.5538365631039031,0.5627015317563366,0.5660287188065842,0.5972711652218087,0.6007853767993098,0.6012340252906531,0.6214630717867613,0.617214775741289,0.5839200165076011,0.5968392312034395,0.5968392312034395,0.5831798305785548,0.5804384326010099,0.6037702589455705,0.56414991428574,0.5729016081471962,0.6127543047654884
DS11,0.21079622115838692,0.256138714084072,0.18640114824889628,0.4422061606886146,0.44916679187874053,0.44916679187874053,0.46739961368531086,0.4573237366058756,0.4553623512491409,0.44108729534294966,0.44204352001414043,0.439691884483441,0.38573632180779827,0.42746336279942804,0.4191704082655644,0.4191704082655644,0.4507576107527438,0.43040772363042445,0.42778216399116176,0.4225281168447186,0.40874916625226354,0.41198872440734613,0.34394882719820274,0.41314877381891785,0.40150087554919717,0.40150087554919717,0.435081792002721,0.4328703899652828,0.42897666003771606,0.4430337874005172,0.42997016637572455,0.4313438612121676,0.4164457968814164,0.3883874028293125,0.391120688048789,0.391120688048789,0.39666373649573444,0.39589351841564446,0.39695697743268726,0.412170783245658,0.4065510066942955,0.41059965175166857,0.4088990975853475,0.46659643762416,0.45960376370145445,0.45960376370145445,0.4665233513709477,0.4548026059892218,0.45103827065712393,0.47405479147528523,0.47127758924273033,0.4768077657676244
DS12,1.999959833640594e-05,1.9999582490863397e-05,1.999960409156353e-05,0.5628719015392272,0.5755981721069428,0.5746773194384056,0.5722069754618354,0.5590589669654877,0.5571328225911466,0.5670017962520716,0.567958768127829,0.5748021734981262,0.03662641926559006,0.4846932076525683,0.5347397997898465,0.5275753070709837,0.5198309751105696,0.533002539676813,0.546722279928175,0.46702795372477873,0.4913411916810238,0.49958789494355466,1.9999557448615517e-05,0.050902721650253675,0.06680844420585157,0.0675186740426598,0.4997609553355632,0.47504932801050487,0.492938401774569,0.304846821742007,0.2023337778283726,0.32350288271618516,0.37086739427775617,0.4341467889350758,0.44778818803686865,0.44387337110535013,0.4405128805988919,0.43933056223627104,0.46575811691366087,0.4555122522312844,0.44412087209723816,0.463250803059118,0.1506304237388777,0.41797198052859336,0.4234515121164897,0.42494450657169347,0.4610585623624635,0.47773548181938574,0.4946742515055393,0.4838924182589971,0.4931751962992497,0.4915861086483013
DS13,0.058884883979576835,0.35342433683853336,0.3532032958263974,0.6171214829288568,0.6265251292297386,0.6261808101715471,0.5928479456833962,0.5869980015960319,0.5838308859075573,0.6189360449542302,0.6174826749219527,0.6106073117360439,0.5951732523929705,0.5745778604845387,0.5664150617912664,0.5602581701730056,0.552492116507767,0.5524087746565866,0.5428556190878588,0.5496524740775471,0.5602203132555372,0.5637978157541199,0.43891729861506135,0.5254929209974635,0.5118028148782475,0.5302952260861564,0.5812129843548005,0.5725029741059217,0.5750412006886407,0.5874389965840503,0.5859335535493816,0.594142177196426,0.537408288079978,0.49957229681556425,0.48304772932842593,0.4787097584466731,0.5168809731963945,0.5123772224167561,0.530913508780612,0.5228584537834503,0.5208373748425099,0.5263484421292076,0.612151838244368,0.5748562337751046,0.5683693249349441,0.5676809483738974,0.5350894989512933,0.544185077841837,0.5426669451518725,0.5574167198474919,0.5598731361309855,0.5621804895932311
DS14,1.9999492287649938e-05,1.999946984162257e-05,1.9999473734345165e-05,0.34491661095488735,0.36687688046649924,0.37109965718658827,0.37768358061403445,0.3517056720585323,0.349470474824958,0.32113158613353987,0.33711124397485936,0.3616435546353127,0.20502643325604328,0.3732614205231102,0.3996340047723466,0.3886641849422109,0.38982568020721137,0.3795329114593644,0.38644864657525474,0.29641015354270983,0.2740571842719627,0.3280344184362473,0.11474919223599248,0.1709935623605499,0.20063403819814504,0.1962992691726551,0.388957430050881,0.3666287433797744,0.3797351028870272,0.1825606768251075,0.1988786485502826,0.17664563661244612,0.3684918507175163,0.38030831137163923,0.377930860261421,0.3833323505544044,0.4010348516897458,0.3812378961508325,0.39406836521821326,0.38488540346975403,0.38720366775632725,0.37623122082241783,0.30326442726293856,0.3488976486841736,0.35631031431149807,0.3555227965145121,0.3624604716351198,0.34277438344730315,0.34769270511002615,0.36044182949490733,0.3535854335110705,0.35334502025948267
DS15,1.9999494039412556e-05,1.999948078877103e-05,1.9999479683998248e-05,0.29569796579273355,0.271446816191834,0.27801828299579345,0.360303690272266,0.3371963340944039,0.34150529876343894,0.305665609218213,0.3418430402155694,0.3485723441264261,0.15042716016313087,0.3478632827906018,0.35679384662813335,0.3523923973562013,0.3384921812239215,0.31986203948643427,0.33434251908751533,0.19371470990785672,0.1924815482367945,0.18479448338643586,0.02070203749782422,0.005642429559171856,0.009182668747711304,0.008239964814933816,0.2479431908911563,0.26914181116254005,0.291754199104593,0.06219610091698792,0.05412110726938876,0.021118700217054708,0.3602596198171322,0.3903944798495118,0.3807115961427996,0.38745921735646627,0.33124338972327644,0.36569732387692033,0.35861525810828476,0.360005671757333,0.37076294122093933,0.3689439805139329,0.27882498779258724,0.33333541091591484,0.33946515410036426,0.3460640969805975,0.3145009485665987,0.2999604779460132,0.2988760456032495,0.31775608580382153,0.31544127126558386,0.33293020152637065
DS16,1.9999507255786525e-05,1.9999466402672762e-05,1.9999474920096193e-05,0.3429812321674007,0.3281722701281084,0.32659666279988303,0.36418721400509185,0.36062799308966276,0.35561200307142565,0.35971369187060964,0.36067216785474643,0.3667564627553023,0.21714976496663346,0.3382858582913182,0.33363065611737963,0.33552454712985363,0.35111456943755287,0.3501824671504184,0.3453741703585152,0.08870830411838022,0.15219381385097497,0.1793893166101412,0.03704729750245221,0.1306495069945877,0.11185048584518777,0.11678154558220293,0.36803289582885357,0.31996018212500127,0.3386450895905834,0.16409619746935797,0.18752763801176087,0.16788532646820717,0.2636799229048232,0.3475641522299835,0.36049027042849163,0.3622399809928433,0.3757415788076405,0.35899951235601074,0.35031083243955535,0.3567354326475218,0.36372929950930194,0.366555164814732,0.3820847251424187,0.3553759879496263,0.3559767468455093,0.35693679141477325,0.3613503634739345,0.35238912200403805,0.3383684399856175,0.36652701785161557,0.35441539679029027,0.35495729109619595
DS17,1.999951469578747e-05,1.9999478290439348e-05,1.9999486836284e-05,0.2723592712465092,0.20172577161252028,0.20766255824811497,0.35805258012206737,0.356311380890496,0.35417764349700953,0.29060583995846995,0.29055379747901855,0.3467720567970031,0.25957064569124266,0.3698487216774316,0.385266398900901,0.38571036242886264,0.3865147060177124,0.34842721897875284,0.36647464866376445,0.2644384316402037,0.2593514245373024,0.2718645516655661,0.009623079724327447,0.2204710712846154,0.18293859818948133,0.17248203005723223,0.3406107528148208,0.31363725978972234,0.3512459158764976,0.11414071979450113,0.11752032984029459,0.11903204268656661,0.41270067912695846,0.40386632858205684,0.40139936152025923,0.3970787691675649,0.39678505155132704,0.37988975901272,0.4102172195725409,0.3953500156756944,0.4037291479116677,0.3953353308514249,0.31433835128090715,0.4350534459823201,0.44335346413276405,0.442512583831679,0.39271240540715696,0.36486104768824906,0.35669475569286957,0.39224574072877416,0.3986189510179252,0.3928513005619395
DS18,1.9999499085417575e-05,1.9999471063278956e-05,1.9999471391461994e-05,0.2088984607708679,0.2882795105842258,0.3085591664647135,0.3508222170243583,0.35190324127297545,0.3532321024963226,0.2925648113712539,0.2940567898761958,0.2465024335869446,0.11788899135741165,0.313116163819553,0.3305441219397187,0.32320106965232787,0.3589107073268653,0.3534385315486584,0.3477770975821262,0.17613195881437074,0.17422221174718622,0.17128346501990888,1.9999471407308713e-05,0.06777703754578385,0.03401544406300401,0.01271588281161639,0.3687500694259546,0.34980383427829037,0.33953267773534374,0.09723909706829316,0.17106242611198397,0.10321174465863196,0.34613042713863906,0.35912383473283094,0.3495705190535308,0.3460974917937171,0.34967664946639404,0.35124756924123274,0.3488253977313539,0.35499792958046955,0.3643478120394025,0.35784225472881737,0.3364761502648,0.34281641075566854,0.33279538229123573,0.3296274818689771,0.32491767740287963,0.3404598335624931,0.3339177680660207,0.34834183495485527,0.34206580080689414,0.35427983582513717
DS19,1.9999449098846754e-05,1.9999431258182078e-05,1.999943732425197e-05,0.3578592029256172,0.35155285822571253,0.3530283149324463,0.3464573737993781,0.3515944796934122,0.3367403975433415,0.33012339331462753,0.3527709300020216,0.3523837941786115,0.20668926186740097,0.31346349390288564,0.3213848363326833,0.31960922531901526,0.30914622616817633,0.30785020432160926,0.31072956987724876,0.14443628865608288,0.11170585096050485,0.1748770969542949,0.013111848079361254,0.03503505852237609,0.03362063657761187,0.03396739557872146,0.33044910705237207,0.2907451662460345,0.2823094187843468,0.09536290832417661,0.0877549258206176,0.1155513561178251,0.31217061266793555,0.34704065765316583,0.3303649898895942,0.32582070122312545,0.3301397869364753,0.3103980777314638,0.3206998070471114,0.33341187272555417,0.3171148676333079,0.3170048657083579,0.37729337173554933,0.3326546322844804,0.33335195878857343,0.33404081622055115,0.32612617801182664,0.3080909283876115,0.31414703817685175,0.330143167653588,0.3206088024389205,0.3322149983503246
DS20,1.9999495566884766e-05,1.9999446697164832e-05,1.9999447378331327e-05,0.34703685725225336,0.3239806848348605,0.3136736752596579,0.35141087351000705,0.3569033210788327,0.3533693619299186,0.3513313886341633,0.34846630121621497,0.3348806789100355,0.24026240307072866,0.33074661945560985,0.35217843103159974,0.3428072149241905,0.3115632097586527,0.3464031734569259,0.35311693301557645,0.027299261258367572,0.10282919159652983,0.10024821225548804,1.9999467279386696e-05,0.0895191750381275,0.06734556707015203,0.06386669169845917,0.3797297281102282,0.2949814877562834,0.3524435489924962,0.09921490544536096,0.06955234325740034,0.0957978676620334,0.35363441310151783,0.3529437673973128,0.37317277609054317,0.3673219833296066,0.34278309100537335,0.3508501843065953,0.3555946758326868,0.3208284227778818,0.3187435177980073,0.3226747811779883,0.254418833016938,0.30769609254192226,0.30856855455732757,0.30989450642872407,0.29930222505906495,0.33428611935841224,0.3240516751860934,0.28698817200509574,0.29426288472484663,0.30314710523689753
DS21,0.1501618556664762,0.958624439801065,0.979321835402895,0.9826499120532672,0.9825007449427362,0.9825191412802002,0.9826492080760759,0.9820981584274335,0.9821672850257396,0.9824258596845454,0.9826402210997032,0.9822644229855412,0.9599953686171507,0.9796884674898406,0.9792838161961178,0.9791402555431077,0.9797238756842074,0.9795217989829633,0.9824303939948953,0.9795488512104431,0.9795952011837585,0.9828835936242356,0.9830494744016377,0.9821662868453638,0.9820342266254803,0.9821083780887537,0.9816533678266913,0.9812166772127595,0.982795243622789,0.9685044340963312,0.9691700505906341,0.9790685779071653,0.8949428342032111,0.9383662497900213,0.9397854318790153,0.9396389234613426,0.9326603194527533,0.9342911169851503,0.966295488604461,0.9295392006139083,0.9337011171442178,0.9655210421996501,0.9618977534240419,0.9831399107496442,0.9827277887006899,0.9826649940224,0.9829713351788399,0.9825096591495347,0.9838615303463963,0.980737094231522,0.981014516567744,0.9829248758656608
DS22,0.4096314300367305,0.5876090595967893,0.6189155876730643,0.5844360549159223,0.5740234977525529,0.5707738090143082,0.5932052233931122,0.43175741796440115,0.42658850300435547,0.5593567282908193,0.5602077962148075,0.5361168682763586,0.5923952668407414,0.5449873191684719,0.5525351917471741,0.544649551905673,0.542054833264378,0.4918507778313326,0.5142999069635857,0.5620789300264204,0.5589380774280631,0.5679092107530873,0.6574695267374198,0.6668625000415221,0.6654452152439565,0.6652241900645984,0.6511545040012829,0.5795657882636338,0.5792570872314126,0.6461261395694659,0.6458519414730294,0.6221312092225815,0.6082509356175886,0.6397498031104033,0.6404522452961477,0.6404446300259389,0.608210975625856,0.48418877271637384,0.5229452040365742,0.6256297473711878,0.6240878024199557,0.60529750620376,0.6736101887916385,0.5270725547759835,0.5120943597493035,0.5079153275498092,0.5498371349412117,0.43188649045138305,0.4406326560009216,0.5052592450979463,0.5058803749244176,0.5019425012339541
DS23,0.16501071292329925,0.38241531944502244,0.37926805986796047,0.40596887388597463,0.38855431520295497,0.38855431520294137,0.38834736750881177,0.3624114389570785,0.37052172805843625,0.35996312538334346,0.3785133091053746,0.3922060463387348,0.36345498965994316,0.4034127535283244,0.40757728585936076,0.40757728585955777,0.3739067997184439,0.35058739336535344,0.36600678404611464,0.3960741510479108,0.38894811926676726,0.42027876453384344,0.3647718944000923,0.4321517084244734,0.433638022122772,0.43363802212277086,0.4467484311192148,0.4263171549887845,0.4806429741104342,0.43195585076615073,0.4313023905181006,0.4464025296708666,0.2581481719824937,0.4435783979939227,0.4362793522261467,0.43627935222616027,0.41660932508184745,0.3984217499553408,0.445873819643472,0.4096249201737983,0.4111618686062468,0.4326037240397179,0.4683314959611484,0.46086712897101156,0.43897459850991766,0.4389745985100316,0.41083216153034746,0.38847462690239853,0.3951885207558009,0.47145363246671435,0.4718877582818737,0.4852966673129426
DS24,0.2745172669368803,0.8030985513781985,0.8002329603126647,0.822563052585148,0.8169005478981575,0.8169533320057029,0.8209867929808806,0.81102875482418,0.8108098438407556,0.8204899319072461,0.8191054798424993,0.8336907200350132,0.8278862102646249,0.768845938593038,0.7763807821970445,0.7668769994228096,0.7992415848010903,0.7727947995401401,0.6522491424941379,0.7680481900803972,0.7618471998719964,0.6010063717880665,0.7934204966922982,0.7842463641830623,0.7922315867905866,0.7941426256562829,0.809063048511307,0.7828542847042962,0.6317965888152621,0.7789975742944115,0.7785498399309446,0.6733809236480143,0.7345498473354417,0.7983094409892831,0.7940915415691713,0.7945633989946859,0.773119374937236,0.7404318299896084,0.649799223744075,0.7441367909882892,0.73877722795326,0.6558377284573264,0.8361488095230399,0.8191888519193538,0.8186858862587634,0.8175668403047941,0.8279207219713557,0.8186224075631117,0.7181147241696817,0.8236332389488478,0.8252247705189908,0.756736752340365
