dataset_id,approach,spearman
DS01,AR,0.5993041772085089
DS01,MR,0.6737760188117295
DS01,SigWins,0.6484363398256614
DS01,Approach1,0.769657645351319
DS01,Approach2,0.6150431144881755
DS01,HARRIS,0.8522154870656535
DS02,AR,0.6033982262431548
DS02,MR,0.6695758060423733
DS02,SigWins,0.634834579020293
DS02,Approach1,0.81371126099206
DS02,Approach2,0.7132246222146333
DS02,HARRIS,0.6816357892939467
DS03,AR,0.5616768779259089
DS03,MR,0.6001715035979407
DS03,SigWins,0.6194369156118368
DS03,Approach1,0.7166396311790318
DS03,Approach2,0.6736105182276103
DS03,HARRIS,0.6222146333134124
DS04,AR,-0.37011421055758875
DS04,MR,-0.3446893387232956
DS04,SigWins,-0.33221626997183423
DS04,Approach1,-0.6178604968838043
DS04,Approach2,-0.4448144117467528
DS04,HARRIS,-0.4054469392982156
DS05,AR,0.15118587625928637
DS05,MR,0.1228372597628799
DS05,SigWins,0.09000661815419755
DS05,Approach1,0.4243601535472996
DS05,Approach2,0.496766071094203
DS05,HARRIS,0.3972506266355757
DS06,AR,0.27025296491285467
DS06,MR,0.2465883341948866
DS06,SigWins,0.2699910366678209
DS06,Approach1,0.4869802783232306
DS06,Approach2,0.5155809784000682
DS06,HARRIS,0.3178519593613933
DS07,AR,0.32408435072142067
DS07,MR,0.2863802614680317
DS07,SigWins,0.4026470319262452
DS07,Approach1,0.40715444378041493
DS07,Approach2,0.7220490935074464
DS07,HARRIS,0.5704772475027747
DS08,AR,-0.2933555314322155
DS08,MR,-0.327100467308079
DS08,SigWins,-0.2966979023778267
DS08,Approach1,0.06778792794331084
DS08,Approach2,0.5476820626654144
DS08,HARRIS,0.09664475369247844
DS09,AR,-0.17088580591878375
DS09,MR,-0.1754283204942138
DS09,SigWins,-0.25773812276464814
DS09,Approach1,0.3622470758985742
DS09,Approach2,0.015623666012123283
DS09,HARRIS,-0.057542901050115246
DS10,AR,0.46348596530095315
DS10,MR,0.43391295916750067
DS10,SigWins,0.6220243826674403
DS10,Approach1,0.5009499035939651
DS10,Approach2,0.6687301252680987
DS10,HARRIS,0.5567912598152799
DS11,AR,0.42385943947662197
DS11,MR,0.4237822713809229
DS11,SigWins,0.4833489885713546
DS11,Approach1,0.4773411344881647
DS11,Approach2,0.05357981490735494
DS11,HARRIS,0.40006830974766044
DS12,AR,0.6243196518038637
DS12,MR,0.6467415634647694
DS12,SigWins,0.6707082836893528
DS12,Approach1,0.7619738751814223
DS12,Approach2,0.6437291897891232
DS12,HARRIS,0.8733031674208144
DS13,AR,0.3415446384159658
DS13,MR,0.37964987250458027
DS13,SigWins,0.5552851796196911
DS13,Approach1,0.6065909673012891
DS13,Approach2,0.7221036455220694
DS13,HARRIS,0.6223000085375223
DS14,AR,0.5008217541854993
DS14,MR,0.46578082510195856
DS14,SigWins,0.3701837918922168
DS14,Approach1,0.7941603346708784
DS14,Approach2,0.7261162810552376
DS14,HARRIS,0.8129428839750704
DS15,AR,0.4508431167395141
DS15,MR,0.4533081489231392
DS15,SigWins,0.2821098485553879
DS15,Approach1,0.858277127977461
DS15,Approach2,0.816016392043029
DS15,HARRIS,0.8442755912234269
DS16,AR,0.5981515870821018
DS16,MR,0.6000133674339616
DS16,SigWins,0.5861583212453154
DS16,Approach1,0.7622300008537523
DS16,Approach2,0.699820712029369
DS16,HARRIS,0.6895756851361735
DS17,AR,0.3611371979851447
DS17,MR,0.3630265862420178
DS17,SigWins,0.15437488080754883
DS17,Approach1,0.6949543242551011
DS17,Approach2,0.3881157688038931
DS17,HARRIS,0.8176385213011184
DS18,AR,0.5340761137585053
DS18,MR,0.5131893066162249
DS18,SigWins,0.45653055655086033
DS18,Approach1,0.5948091863741142
DS18,Approach2,0.7500373526286417
DS18,HARRIS,0.7363613079484334
DS19,AR,0.7009371860475087
DS19,MR,0.6732804686381635
DS19,SigWins,0.7080095739828877
DS19,Approach1,0.6783915307777683
DS19,Approach2,0.6638777426790745
DS19,HARRIS,0.5661231110731666
DS20,AR,0.5551215556962354
DS20,MR,0.6178797245739145
DS20,SigWins,0.47197199721106264
DS20,Approach1,0.5779902672244515
DS20,Approach2,0.6158968667292751
DS20,HARRIS,0.6263126440706906
DS21,AR,0.14701927390170988
DS21,MR,0.26012622490990817
DS21,SigWins,0.25551262766404303
DS21,Approach1,0.309229061726287
DS21,Approach2,0.0519957311039417
DS21,HARRIS,0.34252539912917274
DS22,AR,-0.34574172923712954
DS22,MR,-0.3876434969115314
DS22,SigWins,-0.28046958403357714
DS22,Approach1,-0.04473661743362076
DS22,Approach2,0.29872790916076153
DS22,HARRIS,-0.17638521301118412
DS23,AR,0.02360725722535284
DS23,MR,-0.020136403345890213
DS23,SigWins,0.039959016539096705
DS23,Approach1,0.42380261248185774
DS23,Approach2,0.2621019380175873
DS23,HARRIS,0.20268078203705284
DS24,AR,0.09422362712300454
DS24,MR,0.18197390189989956
DS24,SigWins,0.24329227994981795
DS24,Approach1,-0.22351233671988388
DS24,Approach2,-0.25868692905318874
DS24,HARRIS,0.21326730982668826
