feature,mean,sd
log_N,0.708928491179221,0.08057807259287958
IR,-0.2761579505798113,0.0971817819307794
pct_rare_09,-0.2539966555183946,0.0981492639791879
autocorr,0.509263865307971,0.056221399395811014
hurst_exponent,-0.2403511705685618,0.08894508157254542
slope,-0.2319565217391304,0.0811692007868803
skewness,0.2569565217391304,0.0792034737817124
kurtosis,0.04215719063545147,0.1483119731907634
interq_range,0.2545484949832775,0.1265041298549943
spectral_entropy,-0.5225585284280935,0.06482014016898716
mean_abs_diff,-0.07924749163879595,0.17392225285472754
lempel_ziv,-0.6968676706903056,0.07615004955138652
neighbourhood_peaks,0.6878299878595318,0.07664704887805263
calc_centroid,0.608210702341137,0.11559843548429406
c2,0.6953678929765885,0.06806452965064211
s4,-0.38745819397993314,0.12178775623128917
l1,-0.4032775919732442,0.13496587000877694
theta_hat,-0.30327759197324416,0.10543348489857853
