dataset,lm,mars,rf,rpart,svm
DS01,over,smote,smote,smote,under
DS02,under,over,smote,smote,over
DS03,over,over,smote,none,over
DS04,none,none,over,over,none
DS05,smote,under,under,over,under
DS06,smote,smote,under,smote,smote
DS07,smote,smote,under,under,under
DS08,none,smote,smote,smote,over
DS09,smote,smote,smote,none,under
DS10,over,under,under,under,none
DS11,smote,smote,under,none,under
DS12,over,smote,smote,smote,smote
DS13,over,none,under,none,none
DS14,smote,over,smote,smote,smote
DS15,smote,over,smote,over,over
DS16,under,smote,smote,smote,none
DS17,smote,smote,smote,none,over
DS18,smote,smote,smote,under,under
DS19,over,over,smote,over,none
DS20,smote,smote,smote,over,smote
DS21,over,under,none,smote,smote
DS22,none,none,over,over,none
DS23,over,under,smote,smote,under
DS24,under,none,smote,over,none
