dataset,block,n,seconds
DS01,X_base (imbalance + TSFEL),730,0.005546542000956833
DS01,embedding,730,0.0004533749997790437
DS01,c2,730,0.017002541000692872
DS01,s4,730,0.22761204199923668
DS01,l1,730,0.0440943329995207
DS01,theta_hat,730,0.0009258339996449649
DS02,X_base (imbalance + TSFEL),730,0.003695875002449611
DS02,embedding,730,0.00021408400061773136
DS02,c2,730,0.020248875000106636
DS02,s4,730,0.20660695799961104
DS02,l1,730,0.02588645799914957
DS02,theta_hat,730,0.0009014170027512591
DS03,X_base (imbalance + TSFEL),730,0.0035310000021127053
DS03,embedding,730,0.00019537499974831007
DS03,c2,730,0.0016789159999461845
DS03,s4,730,0.20447450000210665
DS03,l1,730,0.0009592910028004553
DS03,theta_hat,730,0.0009203339977830183
DS04,X_base (imbalance + TSFEL),730,0.0035790000001725275
DS04,embedding,730,0.00019920799968531355
DS04,c2,730,0.0015450419996341225
DS04,s4,730,0.23444958300024155
DS04,l1,730,0.0011333750007906929
DS04,theta_hat,730,0.0009091660031117499
DS05,X_base (imbalance + TSFEL),17378,0.1606092500005616
DS05,embedding,17378,0.00035179200131096877
DS05,c2,17378,0.03624766599750728
DS05,s4,17378,5.1099151669986895
DS05,l1,17378,0.00820933299837634
DS05,theta_hat,17378,0.014207083000655985
DS06,X_base (imbalance + TSFEL),17378,0.1522484160013846
DS06,embedding,17378,0.0003355000008014031
DS06,c2,17378,0.041855542000121204
DS06,s4,17378,5.152461124998808
DS06,l1,17378,0.007829250000213506
DS06,theta_hat,17378,0.014118707997113233
DS07,X_base (imbalance + TSFEL),17378,0.16622275000190712
DS07,embedding,17378,0.0018355419997533318
DS07,c2,17378,0.039542208000057144
DS07,s4,17378,5.130352084001061
DS07,l1,17378,0.008710957998118829
DS07,theta_hat,17378,0.014348290998896118
DS08,X_base (imbalance + TSFEL),17378,0.15434858399748919
DS08,embedding,17378,0.0021384169995144475
DS08,c2,17378,0.03912908300117124
DS08,s4,17378,5.047633665999456
DS08,l1,17378,0.008142957998643396
DS08,theta_hat,17378,0.014138916001684265
DS09,X_base (imbalance + TSFEL),1095,0.007236542001919588
DS09,embedding,1095,0.00023958300153026357
DS09,c2,1095,0.004435916998772882
DS09,s4,1095,0.30619075000140583
DS09,l1,1095,0.0011029579982277937
DS09,theta_hat,1095,0.001180541999929119
DS10,X_base (imbalance + TSFEL),1456,0.0064184170005319174
DS10,embedding,1456,0.00021550000019487925
DS10,c2,1456,0.002871332999347942
DS10,s4,1456,0.4111312910026754
DS10,l1,1456,0.0012219999989611097
DS10,theta_hat,1456,0.001486041997850407
DS11,X_base (imbalance + TSFEL),1456,0.006474084002547897
DS11,embedding,1456,0.00020833300004596822
DS11,c2,1456,0.002809249999700114
DS11,s4,1456,0.4152504579978995
DS11,l1,1456,0.001189000002341345
DS11,theta_hat,1456,0.0014850830011710059
DS12,X_base (imbalance + TSFEL),1456,0.006409540997992735
DS12,embedding,1456,0.0001978330001293216
DS12,c2,1456,0.0028791249969799537
DS12,s4,1456,0.4632327500003157
DS12,l1,1456,0.001134584003011696
DS12,theta_hat,1456,0.0014776249990973156
DS13,X_base (imbalance + TSFEL),1456,0.006394416999683017
DS13,embedding,1456,0.00019874999998137355
DS13,c2,1456,0.0027965000008407515
DS13,s4,1456,0.4004933329997584
DS13,l1,1456,0.0012265419973118696
DS13,theta_hat,1456,0.0015132500011532102
DS14,X_base (imbalance + TSFEL),536,0.0027348330004315358
DS14,embedding,536,0.00018379099856247194
DS14,c2,536,0.0012690420007857028
DS14,s4,536,0.1438517500027956
DS14,l1,536,0.0008745000013732351
DS14,theta_hat,536,0.0007320000004256144
DS15,X_base (imbalance + TSFEL),536,0.0027932080010941718
DS15,embedding,536,0.0001830830005928874
DS15,c2,536,0.0011876249991473742
DS15,s4,536,0.1546079590007139
DS15,l1,536,0.00091137500203331
DS15,theta_hat,536,0.0007531670016760472
DS16,X_base (imbalance + TSFEL),536,0.0028168329990876373
DS16,embedding,536,0.0001960419976967387
DS16,c2,536,0.0011942080018343404
DS16,s4,536,0.14565741700062063
DS16,l1,536,0.0008757499999774154
DS16,theta_hat,536,0.0007072090011206456
DS17,X_base (imbalance + TSFEL),536,0.002706832998228492
DS17,embedding,536,0.00018479200298315845
DS17,c2,536,0.0011709159989550244
DS17,s4,536,0.1455653330012865
DS17,l1,536,0.0009773329984454904
DS17,theta_hat,536,0.0007349580009758938
DS18,X_base (imbalance + TSFEL),536,0.0027539170005184133
DS18,embedding,536,0.00018445800014887936
DS18,c2,536,0.001256833998922957
DS18,s4,536,0.14853287499863654
DS18,l1,536,0.000883166998391971
DS18,theta_hat,536,0.0007440419976774137
DS19,X_base (imbalance + TSFEL),536,0.0027362500004528556
DS19,embedding,536,0.000185500000952743
DS19,c2,536,0.0011446659991634078
DS19,s4,536,0.14912083300077938
DS19,l1,536,0.0008831249979266431
DS19,theta_hat,536,0.0007122499991965014
DS20,X_base (imbalance + TSFEL),536,0.0027767909996327944
DS20,embedding,536,0.0002601670021249447
DS20,c2,536,0.001279709002119489
DS20,s4,536,0.1486929999991844
DS20,l1,536,0.0008724580002308358
DS20,theta_hat,536,0.0006991670015850104
DS21,X_base (imbalance + TSFEL),239602,21.749884875000134
DS21,embedding,239602,0.003805249998549698
DS21,c2,239602,0.8195188329991652
DS21,s4,239602,72.57316520899985
DS21,l1,239602,0.26629254200088326
DS21,theta_hat,239602,0.20944237500225427
DS22,X_base (imbalance + TSFEL),239602,16.881619957999646
DS22,embedding,239602,0.0041615840018494055
DS22,c2,239602,0.66690291699706
DS22,s4,239602,72.2720506250007
DS22,l1,239602,0.5122070000034
DS22,theta_hat,239602,0.19144900000173948
DS23,X_base (imbalance + TSFEL),51208,0.9375180829993042
DS23,embedding,51208,0.0009731249992910307
DS23,c2,51208,0.11756233299820451
DS23,s4,51208,14.935467709001387
DS23,l1,51208,0.02638570800263551
DS23,theta_hat,51208,0.045231792002596194
DS24,X_base (imbalance + TSFEL),51208,1.0459870410013536
DS24,embedding,51208,0.0007608329979120754
DS24,c2,51208,0.12416295899674878
DS24,s4,51208,14.664615707999474
DS24,l1,51208,0.027748583001084626
DS24,theta_hat,51208,0.04269229199780966
