feature,learner,strategy
log_N,0.049112065609086285,0.02753876710966405
IR,0.03811526622937573,0.03358340866610183
pct_rare_09,0.047951733651811095,0.03593545432158095
autocorr,0.003033793619372722,0.005033698928566159
hurst_exponent,0.13618034339254956,0.0752239025625712
slope,0.08888830564693925,0.048284002192085534
skewness,0.044131454970351376,0.06231094146829552
kurtosis,0.048765393720074664,0.07172444556680789
interq_range,0.04978489955340349,0.04532188722010035
spectral_entropy,0.04397419506434172,0.04654165306904781
mean_abs_diff,0.09087662485935871,0.0706564133064621
lempel_ziv,0.05255356966456333,0.04687495600129445
neighbourhood_peaks,0.05565809917723232,0.047366376575555647
calc_centroid,0.05557488335009771,0.06683184510425706
c2,0.06248420417675148,0.04548607434069441
s4,0.04840096075008377,0.09612053969014525
l1,0.04711322746660733,0.07874509549488357
theta_hat,0.03740097909799953,0.09642053838188616
