approach,arm,t,loss
AR,X-blind,1,0.06018836317469261
AR,X-blind,2,0.024567444906407693
AR,X-blind,3,0.024567444906407693
AR,X-blind,4,0.0230227392644302
AR,X-blind,5,0.022312560779051114
AR,X-blind,6,0.022312560779051114
AR,X-blind,7,0.021783230485128924
AR,X-blind,8,0.02151995369440962
AR,X-blind,9,0.017786934268788548
AR,X-blind,10,0.01677990891456625
AR,X-blind,11,0.015218126608571421
AR,X-blind,12,0.01444986703970475
AR,X-blind,13,0.014346365777642858
AR,X-blind,14,0.014152461894205009
AR,X-blind,15,0.014116284804357912
AR,X-blind,16,0.013695867681792534
AR,X-blind,17,0.011365375744658674
AR,X-blind,18,0.011365375744658674
AR,X-blind,19,0.010370959687928569
AR,X-blind,20,0.009194440032351708
AR,X-blind,21,0.009122437977623335
AR,X-blind,22,0.0085816760208444
AR,X-blind,23,0.007841020178831157
AR,X-blind,24,0.007841020178831157
AR,X-blind,25,0.006154934188388969
AR,X-blind,26,0.005981960436325209
AR,X-blind,27,0.005981960436325209
AR,X-blind,28,0.005981960436325209
AR,X-blind,29,0.005981960436325209
AR,X-blind,30,0.005981960436325209
AR,X-blind,31,0.005981960436325209
AR,X-blind,32,0.005937628018711512
AR,X-blind,33,0.005937628018711512
AR,X-blind,34,0.005937628018711512
AR,X-blind,35,0.005937628018711512
AR,X-blind,36,0.005937628018711512
AR,X-blind,37,0.004899554090445585
AR,X-blind,38,0.0038254992927493187
AR,X-blind,39,0.0024601045941199245
AR,X-blind,40,0.0018178658813411592
AR,X-blind,41,0.0018178658813411592
AR,X-blind,42,0.001294091774571418
AR,X-blind,43,0.001294091774571418
AR,X-blind,44,0.001294091774571418
AR,X-blind,45,0.001294091774571418
AR,X-blind,46,0.001294091774571418
AR,X-blind,47,0.001294091774571418
AR,X-blind,48,0.001294091774571418
AR,X-blind,49,0.001294091774571418
AR,X-blind,50,0.001294091774571418
AR,X-blind,51,0.001294091774571418
AR,X-blind,52,0.0
MR,X-blind,1,0.04599193016446407
MR,X-blind,2,0.04336231376662671
MR,X-blind,3,0.03744263170967747
MR,X-blind,4,0.019440054452832038
MR,X-blind,5,0.018869813779847675
MR,X-blind,6,0.018869813779847675
MR,X-blind,7,0.018869813779847675
MR,X-blind,8,0.018869813779847675
MR,X-blind,9,0.018869813779847675
MR,X-blind,10,0.01880925669516945
MR,X-blind,11,0.01823805221950747
MR,X-blind,12,0.015529767106949225
MR,X-blind,13,0.015149338401197395
MR,X-blind,14,0.012906137860251897
MR,X-blind,15,0.01118002224776219
MR,X-blind,16,0.0103778647326757
MR,X-blind,17,0.009519790659167858
MR,X-blind,18,0.009519790659167858
MR,X-blind,19,0.009052741847395589
MR,X-blind,20,0.009052741847395589
MR,X-blind,21,0.007788548905177763
MR,X-blind,22,0.007467353781061642
MR,X-blind,23,0.006798925074104613
MR,X-blind,24,0.006798925074104613
MR,X-blind,25,0.006798925074104613
MR,X-blind,26,0.006798925074104613
MR,X-blind,27,0.006798925074104613
MR,X-blind,28,0.006798925074104613
MR,X-blind,29,0.006710719464628312
MR,X-blind,30,0.006588416860751414
MR,X-blind,31,0.005981960436325209
MR,X-blind,32,0.005981960436325209
MR,X-blind,33,0.005981960436325209
MR,X-blind,34,0.005981960436325209
MR,X-blind,35,0.005981960436325209
MR,X-blind,36,0.005937628018711512
MR,X-blind,37,0.005937628018711512
MR,X-blind,38,0.005937628018711512
MR,X-blind,39,0.004971907002582027
MR,X-blind,40,0.0037954318095513146
MR,X-blind,41,0.0033017251859795774
MR,X-blind,42,0.0019363304873501834
MR,X-blind,43,0.001769418733084056
MR,X-blind,44,0.001294091774571418
MR,X-blind,45,0.001294091774571418
MR,X-blind,46,0.001294091774571418
MR,X-blind,47,0.001294091774571418
MR,X-blind,48,0.001294091774571418
MR,X-blind,49,0.001294091774571418
MR,X-blind,50,0.001294091774571418
MR,X-blind,51,0.001294091774571418
MR,X-blind,52,0.0
SigWins,X-blind,1,0.06887646019502774
SigWins,X-blind,2,0.024567444906407693
SigWins,X-blind,3,0.02199635498421337
SigWins,X-blind,4,0.020771332640827752
SigWins,X-blind,5,0.020035845329424814
SigWins,X-blind,6,0.01866568351424588
SigWins,X-blind,7,0.018631992925337192
SigWins,X-blind,8,0.018477461628100263
SigWins,X-blind,9,0.016884549657366476
SigWins,X-blind,10,0.01679820097521346
SigWins,X-blind,11,0.016686049273634308
SigWins,X-blind,12,0.012961497122510102
SigWins,X-blind,13,0.012762191895619264
SigWins,X-blind,14,0.012726014805772165
SigWins,X-blind,15,0.012555878048576089
SigWins,X-blind,16,0.012555878048576089
SigWins,X-blind,17,0.010619440915629505
SigWins,X-blind,18,0.010033948027564292
SigWins,X-blind,19,0.010033948027564292
SigWins,X-blind,20,0.009704368113604202
SigWins,X-blind,21,0.009704368113604202
SigWins,X-blind,22,0.007801852630956556
SigWins,X-blind,23,0.006866199098025075
SigWins,X-blind,24,0.006866199098025075
SigWins,X-blind,25,0.006469547294882208
SigWins,X-blind,26,0.006469547294882208
SigWins,X-blind,27,0.00603968886325892
SigWins,X-blind,28,0.00603968886325892
SigWins,X-blind,29,0.004353602872816731
SigWins,X-blind,30,0.004353602872816731
SigWins,X-blind,31,0.004353602872816731
SigWins,X-blind,32,0.004353602872816731
SigWins,X-blind,33,0.004309270455203035
SigWins,X-blind,34,0.003933984547206032
SigWins,X-blind,35,0.002869781878105183
SigWins,X-blind,36,0.0019558029541930436
SigWins,X-blind,37,0.0018178658813411592
SigWins,X-blind,38,0.0018178658813411592
SigWins,X-blind,39,0.0018178658813411592
SigWins,X-blind,40,0.0018178658813411592
SigWins,X-blind,41,0.0018178658813411592
SigWins,X-blind,42,0.001294091774571418
SigWins,X-blind,43,0.001294091774571418
SigWins,X-blind,44,0.001294091774571418
SigWins,X-blind,45,0.001294091774571418
SigWins,X-blind,46,0.001294091774571418
SigWins,X-blind,47,0.001294091774571418
SigWins,X-blind,48,0.001294091774571418
SigWins,X-blind,49,0.001294091774571418
SigWins,X-blind,50,0.001294091774571418
SigWins,X-blind,51,0.001294091774571418
SigWins,X-blind,52,0.0
Approach1,X_base,1,0.043389875444932724
Approach1,X_base,2,0.03160751926149306
Approach1,X_base,3,0.023970373576070864
Approach1,X_base,4,0.018647900796663234
Approach1,X_base,5,0.017061245503324246
Approach1,X_base,6,0.015534641835776226
Approach1,X_base,7,0.014621000839937682
Approach1,X_base,8,0.014161539106165896
Approach1,X_base,9,0.012410111753713574
Approach1,X_base,10,0.010811117349944289
Approach1,X_base,11,0.010811117349944289
Approach1,X_base,12,0.010339780126527124
Approach1,X_base,13,0.009236500324423422
Approach1,X_base,14,0.008214742486883775
Approach1,X_base,15,0.006514137321942758
Approach1,X_base,16,0.006514137321942758
Approach1,X_base,17,0.006122130985179694
Approach1,X_base,18,0.006122130985179694
Approach1,X_base,19,0.006122130985179694
Approach1,X_base,20,0.0058578332212306005
Approach1,X_base,21,0.004875812987078586
Approach1,X_base,22,0.004665994634821968
Approach1,X_base,23,0.004384840936900454
Approach1,X_base,24,0.004384840936900454
Approach1,X_base,25,0.003891134313328717
Approach1,X_base,26,0.003679122941512234
Approach1,X_base,27,0.0032561510970927237
Approach1,X_base,28,0.0032561510970927237
Approach1,X_base,29,0.0032561510970927237
Approach1,X_base,30,0.002945353686702769
Approach1,X_base,31,0.0029103170074908924
Approach1,X_base,32,0.0027164131240530443
Approach1,X_base,33,0.0027164131240530443
Approach1,X_base,34,0.0027164131240530443
Approach1,X_base,35,0.0027164131240530443
Approach1,X_base,36,0.002602435643090916
Approach1,X_base,37,0.0025938086633865176
Approach1,X_base,38,0.0017539841464413407
Approach1,X_base,39,0.001294091774571418
Approach1,X_base,40,0.001294091774571418
Approach1,X_base,41,0.001294091774571418
Approach1,X_base,42,0.001294091774571418
Approach1,X_base,43,0.001294091774571418
Approach1,X_base,44,0.001294091774571418
Approach1,X_base,45,0.001294091774571418
Approach1,X_base,46,0.001294091774571418
Approach1,X_base,47,0.001294091774571418
Approach1,X_base,48,0.001294091774571418
Approach1,X_base,49,0.0
Approach1,X_base,50,0.0
Approach1,X_base,51,0.0
Approach1,X_base,52,0.0
Approach2,X_base,1,0.03913615501302809
Approach2,X_base,2,0.025682122061281353
Approach2,X_base,3,0.020027399637954402
Approach2,X_base,4,0.01742150116321552
Approach2,X_base,5,0.01686389036559193
Approach2,X_base,6,0.014459211498113349
Approach2,X_base,7,0.010636612184291178
Approach2,X_base,8,0.01059824332310213
Approach2,X_base,9,0.01032656656748319
Approach2,X_base,10,0.00952264185557722
Approach2,X_base,11,0.009110068982053134
Approach2,X_base,12,0.009110068982053134
Approach2,X_base,13,0.008662273855152574
Approach2,X_base,14,0.008662273855152574
Approach2,X_base,15,0.008478846464046235
Approach2,X_base,16,0.007927775977096943
Approach2,X_base,17,0.007927775977096943
Approach2,X_base,18,0.007927775977096943
Approach2,X_base,19,0.0075765515815863355
Approach2,X_base,20,0.0063524820298308275
Approach2,X_base,21,0.005978102194316738
Approach2,X_base,22,0.0057682838420601195
Approach2,X_base,23,0.0053762775052970556
Approach2,X_base,24,0.003760301008629917
Approach2,X_base,25,0.003760301008629917
Approach2,X_base,26,0.0036864288833903572
Approach2,X_base,27,0.0036864288833903572
Approach2,X_base,28,0.0036864288833903572
Approach2,X_base,29,0.0035638244227238305
Approach2,X_base,30,0.003103932050853908
Approach2,X_base,31,0.003103932050853908
Approach2,X_base,32,0.002839634286904815
Approach2,X_base,33,0.0026276229150883324
Approach2,X_base,34,0.0018178658813411592
Approach2,X_base,35,0.0018178658813411592
Approach2,X_base,36,0.0018178658813411592
Approach2,X_base,37,0.0018178658813411592
Approach2,X_base,38,0.0018178658813411592
Approach2,X_base,39,0.0013241592577694222
Approach2,X_base,40,0.0013241592577694222
Approach2,X_base,41,0.0013241592577694222
Approach2,X_base,42,0.0013241592577694222
Approach2,X_base,43,0.0013241592577694222
Approach2,X_base,44,0.0013241592577694222
Approach2,X_base,45,0.0013241592577694222
Approach2,X_base,46,0.0013241592577694222
Approach2,X_base,47,0.0013241592577694222
Approach2,X_base,48,0.0013241592577694222
Approach2,X_base,49,0.001294091774571418
Approach2,X_base,50,0.001294091774571418
Approach2,X_base,51,0.001294091774571418
Approach2,X_base,52,0.0
HARRIS,X_base,1,0.029092686742607177
HARRIS,X_base,2,0.02389451105148947
HARRIS,X_base,3,0.02148211265165152
HARRIS,X_base,4,0.019017841860566792
HARRIS,X_base,5,0.01838953581765153
HARRIS,X_base,6,0.01580100924373918
HARRIS,X_base,7,0.015187403575768518
HARRIS,X_base,8,0.014645173361009201
HARRIS,X_base,9,0.014236719678775066
HARRIS,X_base,10,0.013507438958580384
HARRIS,X_base,11,0.013462847860092891
HARRIS,X_base,12,0.011819345717435094
HARRIS,X_base,13,0.010198322454130273
HARRIS,X_base,14,0.010198322454130273
HARRIS,X_base,15,0.009815555204425752
HARRIS,X_base,16,0.009815555204425752
HARRIS,X_base,17,0.009670382214534956
HARRIS,X_base,18,0.009670382214534956
HARRIS,X_base,19,0.009670382214534956
HARRIS,X_base,20,0.009670382214534956
HARRIS,X_base,21,0.008324742037070869
HARRIS,X_base,22,0.0072058742282306255
HARRIS,X_base,23,0.0072058742282306255
HARRIS,X_base,24,0.007172986124680654
HARRIS,X_base,25,0.007172986124680654
HARRIS,X_base,26,0.006780979787917589
HARRIS,X_base,27,0.006736647370303893
HARRIS,X_base,28,0.0062439226298582895
HARRIS,X_base,29,0.006034104277601672
HARRIS,X_base,30,0.005760897943448129
HARRIS,X_base,31,0.005251060660567637
HARRIS,X_base,32,0.005251060660567637
HARRIS,X_base,33,0.005251060660567637
HARRIS,X_base,34,0.004008827301159273
HARRIS,X_base,35,0.003450122758198069
HARRIS,X_base,36,0.002640365724450896
HARRIS,X_base,37,0.0020458129480946385
HARRIS,X_base,38,0.0020157454648966344
HARRIS,X_base,39,0.0020157454648966344
HARRIS,X_base,40,0.0013965121699058651
HARRIS,X_base,41,0.0013965121699058651
HARRIS,X_base,42,0.0013965121699058651
HARRIS,X_base,43,0.001294091774571418
HARRIS,X_base,44,0.001294091774571418
HARRIS,X_base,45,0.001294091774571418
HARRIS,X_base,46,0.001294091774571418
HARRIS,X_base,47,0.001294091774571418
HARRIS,X_base,48,0.001294091774571418
HARRIS,X_base,49,0.001294091774571418
HARRIS,X_base,50,0.001294091774571418
HARRIS,X_base,51,0.001294091774571418
HARRIS,X_base,52,0.0
Approach1,X_pruned,1,0.037711096477162885
Approach1,X_pruned,2,0.033441777992824794
Approach1,X_pruned,3,0.02758007758826426
Approach1,X_pruned,4,0.02177461866041251
Approach1,X_pruned,5,0.017822500219656773
Approach1,X_pruned,6,0.016235108654421165
Approach1,X_pruned,7,0.015540999263632225
Approach1,X_pruned,8,0.013480581628381297
Approach1,X_pruned,9,0.012618356097759341
Approach1,X_pruned,10,0.011891221577081253
Approach1,X_pruned,11,0.011383996085326734
Approach1,X_pruned,12,0.011325627463768436
Approach1,X_pruned,13,0.010889520294663182
Approach1,X_pruned,14,0.010395813671091445
Approach1,X_pruned,15,0.010395813671091445
Approach1,X_pruned,16,0.009284127192797531
Approach1,X_pruned,17,0.008562427674543002
Approach1,X_pruned,18,0.007433854299054128
Approach1,X_pruned,19,0.007433854299054128
Approach1,X_pruned,20,0.006482754006079315
Approach1,X_pruned,21,0.006482754006079315
Approach1,X_pruned,22,0.006482754006079315
Approach1,X_pruned,23,0.00489508461972709
Approach1,X_pruned,24,0.0041722880112502305
Approach1,X_pruned,25,0.003891134313328717
Approach1,X_pruned,26,0.003679122941512234
Approach1,X_pruned,27,0.003679122941512234
Approach1,X_pruned,28,0.003679122941512234
Approach1,X_pruned,29,0.0033332888519104023
Approach1,X_pruned,30,0.003139384968472554
Approach1,X_pruned,31,0.003139384968472554
Approach1,X_pruned,32,0.0027164131240530443
Approach1,X_pruned,33,0.0027164131240530443
Approach1,X_pruned,34,0.0027164131240530443
Approach1,X_pruned,35,0.0027164131240530443
Approach1,X_pruned,36,0.0025938086633865176
Approach1,X_pruned,37,0.0025938086633865176
Approach1,X_pruned,38,0.0017840516296393448
Approach1,X_pruned,39,0.0017840516296393448
Approach1,X_pruned,40,0.001294091774571418
Approach1,X_pruned,41,0.001294091774571418
Approach1,X_pruned,42,0.001294091774571418
Approach1,X_pruned,43,0.001294091774571418
Approach1,X_pruned,44,0.001294091774571418
Approach1,X_pruned,45,0.001294091774571418
Approach1,X_pruned,46,0.001294091774571418
Approach1,X_pruned,47,0.001294091774571418
Approach1,X_pruned,48,0.001294091774571418
Approach1,X_pruned,49,0.0
Approach1,X_pruned,50,0.0
Approach1,X_pruned,51,0.0
Approach1,X_pruned,52,0.0
Approach2,X_pruned,1,0.04016316076336843
Approach2,X_pruned,2,0.028494385215136513
Approach2,X_pruned,3,0.02393057926008559
Approach2,X_pruned,4,0.017787281642630468
Approach2,X_pruned,5,0.01406262318355892
Approach2,X_pruned,6,0.012146141066758027
Approach2,X_pruned,7,0.011128357815557587
Approach2,X_pruned,8,0.011022784743280304
Approach2,X_pruned,9,0.010597631455424236
Approach2,X_pruned,10,0.009946607989341022
Approach2,X_pruned,11,0.009360875789588578
Approach2,X_pruned,12,0.008769116733693424
Approach2,X_pruned,13,0.008769116733693424
Approach2,X_pruned,14,0.008478846464046235
Approach2,X_pruned,15,0.008478846464046235
Approach2,X_pruned,16,0.008470459049855805
Approach2,X_pruned,17,0.008470459049855805
Approach2,X_pruned,18,0.008127622068535628
Approach2,X_pruned,19,0.007863104201190222
Approach2,X_pruned,20,0.007039110653714278
Approach2,X_pruned,21,0.004930409416601537
Approach2,X_pruned,22,0.004556029581087448
Approach2,X_pruned,23,0.004164023244324383
Approach2,X_pruned,24,0.003919168212855889
Approach2,X_pruned,25,0.0038803327668282053
Approach2,X_pruned,26,0.0038803327668282053
Approach2,X_pruned,27,0.0038803327668282053
Approach2,X_pruned,28,0.0036864288833903572
Approach2,X_pruned,29,0.0036864288833903572
Approach2,X_pruned,30,0.003572451402428229
Approach2,X_pruned,31,0.003572451402428229
Approach2,X_pruned,32,0.003572451402428229
Approach2,X_pruned,33,0.0030961422666626534
Approach2,X_pruned,34,0.002277758253211082
Approach2,X_pruned,35,0.002277758253211082
Approach2,X_pruned,36,0.0017840516296393448
Approach2,X_pruned,37,0.0013241592577694222
Approach2,X_pruned,38,0.0013241592577694222
Approach2,X_pruned,39,0.0013241592577694222
Approach2,X_pruned,40,0.0013241592577694222
Approach2,X_pruned,41,0.0013241592577694222
Approach2,X_pruned,42,0.0013241592577694222
Approach2,X_pruned,43,0.0013241592577694222
Approach2,X_pruned,44,0.0013241592577694222
Approach2,X_pruned,45,0.0013241592577694222
Approach2,X_pruned,46,0.0013241592577694222
Approach2,X_pruned,47,0.0013241592577694222
Approach2,X_pruned,48,0.001294091774571418
Approach2,X_pruned,49,0.001294091774571418
Approach2,X_pruned,50,0.001294091774571418
Approach2,X_pruned,51,0.001294091774571418
Approach2,X_pruned,52,0.0
HARRIS,X_pruned,1,0.031026882035089954
HARRIS,X_pruned,2,0.027150066626090905
HARRIS,X_pruned,3,0.021832344550542143
HARRIS,X_pruned,4,0.020323154510693355
HARRIS,X_pruned,5,0.018085093169228836
HARRIS,X_pruned,6,0.016760658699397427
HARRIS,X_pruned,7,0.01579732925193911
HARRIS,X_pruned,8,0.013999516416819097
HARRIS,X_pruned,9,0.012653354408007508
HARRIS,X_pruned,10,0.012653354408007508
HARRIS,X_pruned,11,0.012653354408007508
HARRIS,X_pruned,12,0.01148943958165677
HARRIS,X_pruned,13,0.010994341021437046
HARRIS,X_pruned,14,0.010994341021437046
HARRIS,X_pruned,15,0.010058687488505566
HARRIS,X_pruned,16,0.010058687488505566
HARRIS,X_pruned,17,0.009778720945425728
HARRIS,X_pruned,18,0.009505514611272185
HARRIS,X_pruned,19,0.008982685026432131
HARRIS,X_pruned,20,0.008834507429735246
HARRIS,X_pruned,21,0.007488867252271159
HARRIS,X_pruned,22,0.007096860915508094
HARRIS,X_pruned,23,0.007096860915508094
HARRIS,X_pruned,24,0.006514364082971645
HARRIS,X_pruned,25,0.006479327403759769
HARRIS,X_pruned,26,0.006479327403759769
HARRIS,X_pruned,27,0.00629590001265343
HARRIS,X_pruned,28,0.004658662687898603
HARRIS,X_pruned,29,0.004609643925039877
HARRIS,X_pruned,30,0.004609643925039877
HARRIS,X_pruned,31,0.00456531150742618
HARRIS,X_pruned,32,0.00456531150742618
HARRIS,X_pruned,33,0.00456531150742618
HARRIS,X_pruned,34,0.0026600120429226617
HARRIS,X_pruned,35,0.0026600120429226617
HARRIS,X_pruned,36,0.0026600120429226617
HARRIS,X_pruned,37,0.0026600120429226617
HARRIS,X_pruned,38,0.0025148390530318637
HARRIS,X_pruned,39,0.0019202862766756063
HARRIS,X_pruned,40,0.0019202862766756063
HARRIS,X_pruned,41,0.0014265796531038692
HARRIS,X_pruned,42,0.0014265796531038692
HARRIS,X_pruned,43,0.0013241592577694222
HARRIS,X_pruned,44,0.001294091774571418
HARRIS,X_pruned,45,0.001294091774571418
HARRIS,X_pruned,46,0.001294091774571418
HARRIS,X_pruned,47,0.001294091774571418
HARRIS,X_pruned,48,0.001294091774571418
HARRIS,X_pruned,49,0.001294091774571418
HARRIS,X_pruned,50,0.001294091774571418
HARRIS,X_pruned,51,0.001294091774571418
HARRIS,X_pruned,52,0.0
Approach1,X_ext,1,0.03685897244037531
Approach1,X_ext,2,0.03270032178902443
Approach1,X_ext,3,0.025237937743387857
Approach1,X_ext,4,0.02262762543383261
Approach1,X_ext,5,0.018809436642307505
Approach1,X_ext,6,0.014122348016312158
Approach1,X_ext,7,0.012738148010667319
Approach1,X_ext,8,0.012573166607270656
Approach1,X_ext,9,0.012341264959181766
Approach1,X_ext,10,0.011724913838096084
Approach1,X_ext,11,0.010204334125844145
Approach1,X_ext,12,0.008972234522750798
Approach1,X_ext,13,0.00809608154249031
Approach1,X_ext,14,0.00809608154249031
Approach1,X_ext,15,0.00809608154249031
Approach1,X_ext,16,0.007602374918918573
Approach1,X_ext,17,0.005908948596362917
Approach1,X_ext,18,0.005892817937054162
Approach1,X_ext,19,0.005892817937054162
Approach1,X_ext,20,0.00415543207727781
Approach1,X_ext,21,0.00415543207727781
Approach1,X_ext,22,0.00415543207727781
Approach1,X_ext,23,0.00415543207727781
Approach1,X_ext,24,0.00415543207727781
Approach1,X_ext,25,0.00415543207727781
Approach1,X_ext,26,0.00415543207727781
Approach1,X_ext,27,0.003580336902938762
Approach1,X_ext,28,0.003580336902938762
Approach1,X_ext,29,0.0035453002237268855
Approach1,X_ext,30,0.0035453002237268855
Approach1,X_ext,31,0.003534575851625856
Approach1,X_ext,32,0.0033406719681880075
Approach1,X_ext,33,0.003139384968472554
Approach1,X_ext,34,0.003139384968472554
Approach1,X_ext,35,0.003139384968472554
Approach1,X_ext,36,0.003016780507806028
Approach1,X_ext,37,0.002932197065843608
Approach1,X_ext,38,0.002122440032096435
Approach1,X_ext,39,0.0016625476602265127
Approach1,X_ext,40,0.0016625476602265127
Approach1,X_ext,41,0.0016625476602265127
Approach1,X_ext,42,0.0016625476602265127
Approach1,X_ext,43,0.0016625476602265127
Approach1,X_ext,44,0.001294091774571418
Approach1,X_ext,45,0.001294091774571418
Approach1,X_ext,46,0.001294091774571418
Approach1,X_ext,47,0.001294091774571418
Approach1,X_ext,48,0.001294091774571418
Approach1,X_ext,49,0.001294091774571418
Approach1,X_ext,50,0.001294091774571418
Approach1,X_ext,51,0.0
Approach1,X_ext,52,0.0
Approach2,X_ext,1,0.043738853308730195
Approach2,X_ext,2,0.026134874380317433
Approach2,X_ext,3,0.02320741891774113
Approach2,X_ext,4,0.01810994231501024
Approach2,X_ext,5,0.01790940010747998
Approach2,X_ext,6,0.014825744488854056
Approach2,X_ext,7,0.012727646762232406
Approach2,X_ext,8,0.010512197887301006
Approach2,X_ext,9,0.010144059984885089
Approach2,X_ext,10,0.009460708623067214
Approach2,X_ext,11,0.00944457796375846
Approach2,X_ext,12,0.00944457796375846
Approach2,X_ext,13,0.008579108178233276
Approach2,X_ext,14,0.008579108178233276
Approach2,X_ext,15,0.008395680787126936
Approach2,X_ext,16,0.008190539503186815
Approach2,X_ext,17,0.008074437357137658
Approach2,X_ext,18,0.008074437357137658
Approach2,X_ext,19,0.008074437357137658
Approach2,X_ext,20,0.007694896486517849
Approach2,X_ext,21,0.007694896486517849
Approach2,X_ext,22,0.007694896486517849
Approach2,X_ext,23,0.0041603770129094815
Approach2,X_ext,24,0.0041603770129094815
Approach2,X_ext,25,0.004125340333697605
Approach2,X_ext,26,0.004125340333697605
Approach2,X_ext,27,0.003919168212855889
Approach2,X_ext,28,0.003919168212855889
Approach2,X_ext,29,0.003919168212855889
Approach2,X_ext,30,0.003602659868751514
Approach2,X_ext,31,0.0035638244227238305
Approach2,X_ext,32,0.003299526658774738
Approach2,X_ext,33,0.0030875152869582548
Approach2,X_ext,34,0.0030875152869582548
Approach2,X_ext,35,0.002277758253211082
Approach2,X_ext,36,0.002277758253211082
Approach2,X_ext,37,0.002277758253211082
Approach2,X_ext,38,0.0013241592577694222
Approach2,X_ext,39,0.0013241592577694222
Approach2,X_ext,40,0.0013241592577694222
Approach2,X_ext,41,0.0013241592577694222
Approach2,X_ext,42,0.0013241592577694222
Approach2,X_ext,43,0.0013241592577694222
Approach2,X_ext,44,0.0013241592577694222
Approach2,X_ext,45,0.0013241592577694222
Approach2,X_ext,46,0.0013241592577694222
Approach2,X_ext,47,0.0013241592577694222
Approach2,X_ext,48,0.0013241592577694222
Approach2,X_ext,49,0.0013241592577694222
Approach2,X_ext,50,0.0013241592577694222
Approach2,X_ext,51,0.001294091774571418
Approach2,X_ext,52,0.0
HARRIS,X_ext,1,0.03989888050639634
HARRIS,X_ext,2,0.03702387447259345
HARRIS,X_ext,3,0.0344718895937536
HARRIS,X_ext,4,0.02222191966360429
HARRIS,X_ext,5,0.01719129121254589
HARRIS,X_ext,6,0.0167427950477405
HARRIS,X_ext,7,0.015394131752402555
HARRIS,X_ext,8,0.01534918485365061
HARRIS,X_ext,9,0.013259925366425134
HARRIS,X_ext,10,0.012649382773189796
HARRIS,X_ext,11,0.011910754474204388
HARRIS,X_ext,12,0.01059080962494111
HARRIS,X_ext,13,0.009741967005989846
HARRIS,X_ext,14,0.009741967005989846
HARRIS,X_ext,15,0.009741967005989846
HARRIS,X_ext,16,0.009320058530654563
HARRIS,X_ext,17,0.009068561922336354
HARRIS,X_ext,18,0.009068561922336354
HARRIS,X_ext,19,0.00895623061182115
HARRIS,X_ext,20,0.00895623061182115
HARRIS,X_ext,21,0.008683024277667607
HARRIS,X_ext,22,0.008683024277667607
HARRIS,X_ext,23,0.008683024277667607
HARRIS,X_ext,24,0.008683024277667607
HARRIS,X_ext,25,0.008650136174117634
HARRIS,X_ext,26,0.008634005514808881
HARRIS,X_ext,27,0.00620983255555117
HARRIS,X_ext,28,0.00436834273803918
HARRIS,X_ext,29,0.00436834273803918
HARRIS,X_ext,30,0.00436834273803918
HARRIS,X_ext,31,0.00436834273803918
HARRIS,X_ext,32,0.00436834273803918
HARRIS,X_ext,33,0.00436834273803918
HARRIS,X_ext,34,0.004156331366222697
HARRIS,X_ext,35,0.004156331366222697
HARRIS,X_ext,36,0.003058152407658825
HARRIS,X_ext,37,0.0024756555751223757
HARRIS,X_ext,38,0.0019202862766756063
HARRIS,X_ext,39,0.0019202862766756063
HARRIS,X_ext,40,0.0019202862766756063
HARRIS,X_ext,41,0.0014265796531038692
HARRIS,X_ext,42,0.0014265796531038692
HARRIS,X_ext,43,0.0014265796531038692
HARRIS,X_ext,44,0.001294091774571418
HARRIS,X_ext,45,0.001294091774571418
HARRIS,X_ext,46,0.001294091774571418
HARRIS,X_ext,47,0.001294091774571418
HARRIS,X_ext,48,0.001294091774571418
HARRIS,X_ext,49,0.001294091774571418
HARRIS,X_ext,50,0.001294091774571418
HARRIS,X_ext,51,0.001294091774571418
HARRIS,X_ext,52,0.0
