feature,value,strategy,probability,lower,upper
c2,0.0258539919416695,none,0.2750416666666667,0.16679291889523923,0.38329041443809414
c2,0.0268600338181258,none,0.2760833333333334,0.16753031002637003,0.3846363566402968
c2,0.0287644310506142,none,0.27708333333333335,0.16840722297859279,0.3857594436880739
c2,0.0326937858611511,none,0.25462500000000005,0.14665967510990774,0.36259032489009235
c2,0.0332726848206569,none,0.25462500000000005,0.14665967510990774,0.36259032489009235
c2,0.0428294588462711,none,0.24762499999999998,0.13927238637175166,0.3559776136282483
c2,0.0428404569682158,none,0.24529166666666669,0.13684675192552928,0.35373658140780406
c2,0.0437448918194347,none,0.2436666666666667,0.1348926380191418,0.3524406953141916
c2,0.0529300119829261,none,0.2450416666666667,0.13572504084498005,0.3543582924883534
c2,0.0571434442275288,none,0.2453333333333334,0.13592397796759745,0.35474268869906933
c2,0.063478245293283,none,0.243,0.13388278797815492,0.3521172120218451
c2,0.0642372520736159,none,0.243,0.13388278797815492,0.3521172120218451
c2,0.0731893774957109,none,0.2427916666666667,0.13370169313785468,0.35188164019547874
c2,0.0740032661935816,none,0.2427916666666667,0.13370169313785468,0.35188164019547874
c2,0.0765764486216969,none,0.24404166666666663,0.1350110707618588,0.35307226257147445
c2,0.0838199221186014,none,0.24020833333333333,0.13174529075349267,0.348671375913174
c2,0.0903273905989248,none,0.23675000000000002,0.12904085614018423,0.3444591438598158
c2,0.0967313480219836,none,0.23675000000000002,0.12904085614018423,0.3444591438598158
c2,0.1611744110634452,none,0.23395833333333335,0.12710625268438358,0.3408104139822831
c2,0.1939443062108079,none,0.23358333333333334,0.12688230542807535,0.3402843612385913
c2,0.2092177847422838,none,0.23358333333333334,0.12688230542807535,0.3402843612385913
c2,0.5811006033449042,none,0.24004166666666663,0.13351090617790445,0.3465724271554288
c2,0.7195855901096198,none,0.23854166666666668,0.13262272672880482,0.34446060660452854
c2,0.727375493882575,none,0.2394166666666667,0.1332910269907695,0.3455423063425639
c2,0.0258539919416695,over,0.29087500000000005,0.17230789408647046,0.40944210591352964
c2,0.0268600338181258,over,0.289375,0.17067774833621363,0.40807225166378636
c2,0.0287644310506142,over,0.288125,0.16949082347614686,0.4067591765238532
c2,0.0326937858611511,over,0.28766666666666674,0.1686306055207262,0.4067027278126073
c2,0.0332726848206569,over,0.28766666666666674,0.1686306055207262,0.4067027278126073
c2,0.0428294588462711,over,0.29441666666666666,0.1732028777175501,0.4156304556157832
c2,0.0428404569682158,over,0.2962916666666667,0.17470619753393252,0.41787713579940083
c2,0.0437448918194347,over,0.3042916666666667,0.18118813949226853,0.42739519384106484
c2,0.0529300119829261,over,0.3064166666666666,0.1825791856059678,0.4302541477273654
c2,0.0571434442275288,over,0.309,0.18469896149302276,0.4333010385069772
c2,0.063478245293283,over,0.316375,0.19104246585640636,0.44170753414359365
c2,0.0642372520736159,over,0.316375,0.19104246585640636,0.44170753414359365
c2,0.0731893774957109,over,0.31645833333333334,0.19109658579922,0.4418200808674467
c2,0.0740032661935816,over,0.31645833333333334,0.19109658579922,0.4418200808674467
c2,0.0765764486216969,over,0.3144166666666666,0.18935016438200283,0.43948316895133044
c2,0.0838199221186014,over,0.30116666666666664,0.17846431939061352,0.42386901394271975
c2,0.0903273905989248,over,0.286,0.16607895331643754,0.40592104668356244
c2,0.0967313480219836,over,0.286,0.16607895331643754,0.40592104668356244
c2,0.1611744110634452,over,0.2845416666666667,0.16477619345425765,0.40430713987907574
c2,0.1939443062108079,over,0.28437500000000004,0.16462359961334394,0.40412640038665615
c2,0.2092177847422838,over,0.28437500000000004,0.16462359961334394,0.40412640038665615
c2,0.5811006033449042,over,0.2820416666666667,0.16272741521329157,0.4013559181200418
c2,0.7195855901096198,over,0.2820416666666667,0.16272741521329157,0.4013559181200418
c2,0.727375493882575,over,0.2820416666666667,0.16272741521329157,0.4013559181200418
c2,0.0258539919416695,smote,0.19924999999999995,0.1071086792326394,0.2913913207673605
c2,0.0268600338181258,smote,0.1995,0.10724788690217174,0.2917521130978283
c2,0.0287644310506142,smote,0.19966666666666666,0.10732002645984634,0.292013306873487
c2,0.0326937858611511,smote,0.2197916666666667,0.12323840201020228,0.31634493132313113
c2,0.0332726848206569,smote,0.2197916666666667,0.12323840201020228,0.31634493132313113
c2,0.0428294588462711,smote,0.21366666666666667,0.11710816294200296,0.31022517039133035
c2,0.0428404569682158,smote,0.20995833333333333,0.11372327929393361,0.30619338737273305
c2,0.0437448918194347,smote,0.2021666666666667,0.10666770755050392,0.29766562578282946
c2,0.0529300119829261,smote,0.19741666666666666,0.10228861106877404,0.2925447222645593
c2,0.0571434442275288,smote,0.1968333333333333,0.10178089875216771,0.2918857679144989
c2,0.063478245293283,smote,0.19454166666666664,0.09993423661929096,0.2891490967140423
c2,0.0642372520736159,smote,0.19454166666666664,0.09993423661929096,0.2891490967140423
c2,0.0731893774957109,smote,0.19487500000000002,0.1002168019409697,0.28953319805903033
c2,0.0740032661935816,smote,0.19487500000000002,0.1002168019409697,0.28953319805903033
c2,0.0765764486216969,smote,0.19516666666666663,0.10054947649316535,0.2897838568401679
c2,0.0838199221186014,smote,0.19462499999999996,0.10003258985582371,0.28921741014417623
c2,0.0903273905989248,smote,0.19720833333333332,0.10268163418408162,0.29173503248258503
c2,0.0967313480219836,smote,0.19720833333333332,0.10268163418408162,0.29173503248258503
c2,0.1611744110634452,smote,0.20316666666666672,0.10852358922191874,0.2978097441114147
c2,0.1939443062108079,smote,0.20295833333333335,0.1083929527610659,0.2975237139056008
c2,0.2092177847422838,smote,0.20295833333333335,0.1083929527610659,0.2975237139056008
c2,0.5811006033449042,smote,0.20533333333333337,0.1112421146986776,0.2994245519679891
c2,0.7195855901096198,smote,0.20704166666666668,0.11280803986514172,0.30127529346819165
c2,0.727375493882575,smote,0.2061666666666667,0.11224749908811889,0.3000858342452145
c2,0.0258539919416695,under,0.2348333333333333,0.12122935242057194,0.3484373142460947
c2,0.0268600338181258,under,0.23504166666666668,0.12139078149048996,0.3486925518428434
c2,0.0287644310506142,under,0.235125,0.12142214833314903,0.348827851666851
c2,0.0326937858611511,under,0.23791666666666664,0.12292526411679566,0.3529080692165376
c2,0.0332726848206569,under,0.23791666666666664,0.12292526411679566,0.3529080692165376
c2,0.0428294588462711,under,0.2442916666666666,0.12769324279586725,0.36089009053746596
c2,0.0428404569682158,under,0.24845833333333334,0.1312783066933061,0.3656383599733606
c2,0.0437448918194347,under,0.24987499999999999,0.1323501033144805,0.3673998966855195
c2,0.0529300119829261,under,0.251125,0.13334822909788008,0.3689017709021199
c2,0.0571434442275288,under,0.24883333333333335,0.1313973926167849,0.3662692740498818
c2,0.063478245293283,under,0.24608333333333332,0.12921874398739341,0.3629479226792732
c2,0.0642372520736159,under,0.24608333333333332,0.12921874398739341,0.3629479226792732
c2,0.0731893774957109,under,0.24587499999999995,0.12891448955006157,0.36283551044993834
c2,0.0740032661935816,under,0.24587499999999995,0.12891448955006157,0.36283551044993834
c2,0.0765764486216969,under,0.24637499999999998,0.12925825158913717,0.3634917484108628
c2,0.0838199221186014,under,0.264,0.14561007208430243,0.3823899279156976
c2,0.0903273905989248,under,0.28004166666666663,0.16120509016001505,0.3988782431733182
c2,0.0967313480219836,under,0.28004166666666663,0.16120509016001505,0.3988782431733182
c2,0.1611744110634452,under,0.2783333333333334,0.15977125459814223,0.3968954120685245
c2,0.1939443062108079,under,0.2790833333333333,0.16049606092887791,0.3976706057377887
c2,0.2092177847422838,under,0.2790833333333333,0.16049606092887791,0.3976706057377887
c2,0.5811006033449042,under,0.27258333333333334,0.15588626232413616,0.38928040434253053
c2,0.7195855901096198,under,0.27237500000000003,0.15582294231916077,0.3889270576808393
c2,0.727375493882575,under,0.27237500000000003,0.15582294231916077,0.3889270576808393
s4,0.0001309059088804,none,0.2905,0.18610454790848735,0.3948954520915126
s4,0.0001359931150301,none,0.2929999999999999,0.18773150001137523,0.3982684999886246
s4,0.0004660905092151,none,0.2940833333333333,0.18848242798157455,0.39968423868509206
s4,0.0005240579033835,none,0.29383333333333334,0.18822572256052916,0.3994409441061375
s4,0.0008344163682757,none,0.2853333333333334,0.1795950600693433,0.39107160659732343
s4,0.0012056702737248,none,0.28295833333333326,0.1771446725216404,0.3887719941450261
s4,0.0021607382093809,none,0.2783333333333333,0.17288617635881048,0.38378049030785616
s4,0.0036217172076934,none,0.2776666666666667,0.17243455613037312,0.3828987772029602
s4,0.0036861005218206,none,0.2776666666666667,0.17243455613037312,0.3828987772029602
s4,0.0040069392494893,none,0.2781666666666667,0.1728882725094204,0.38344506082391294
s4,0.004276698454797,none,0.27829166666666666,0.17300826104911482,0.3835750722842185
s4,0.0045627298392999,none,0.27891666666666665,0.1735357771383571,0.3842975561949762
s4,0.0052206711469763,none,0.28175,0.17617833767763602,0.387321662322364
s4,0.0059971638906496,none,0.282,0.17643316652264884,0.3875668334773511
s4,0.0064718705683189,none,0.27641666666666675,0.17182175194790925,0.38101158138542424
s4,0.0067010011069833,none,0.25275,0.15244559862706614,0.3530544013729338
s4,0.0072317294669136,none,0.23637499999999997,0.14003692542195062,0.33271307457804933
s4,0.0078606106895983,none,0.2253333333333333,0.13126674813836864,0.31939991852829797
s4,0.0085017812833031,none,0.19754166666666664,0.11044902886472888,0.2846343044686044
s4,0.0086259716342966,none,0.19754166666666664,0.11044902886472888,0.2846343044686044
s4,0.008960286480972,none,0.1972083333333333,0.11028070256391928,0.28413596410274733
s4,0.0091262752774888,none,0.1934166666666666,0.10767343021842912,0.2791599031149041
s4,0.0102412673518186,none,0.19116666666666668,0.1059703858515143,0.27636294748181905
s4,0.0123054987902743,none,0.19075,0.10565739529569963,0.2758426047043004
s4,0.0001309059088804,over,0.25749999999999995,0.14920474634030628,0.3657952536596936
s4,0.0001359931150301,over,0.2576666666666666,0.1493839022462317,0.36594943108710154
s4,0.0004660905092151,over,0.2576666666666666,0.1493839022462317,0.36594943108710154
s4,0.0005240579033835,over,0.2576666666666666,0.1493839022462317,0.36594943108710154
s4,0.0008344163682757,over,0.25975,0.15090391581674156,0.3685960841832584
s4,0.0012056702737248,over,0.26045833333333335,0.15143804645697317,0.3694786202096935
s4,0.0021607382093809,over,0.263,0.15346989656071583,0.37253010343928417
s4,0.0036217172076934,over,0.26466666666666666,0.15501224582709522,0.3743210875062381
s4,0.0036861005218206,over,0.26466666666666666,0.15501224582709522,0.3743210875062381
s4,0.0040069392494893,over,0.25866666666666666,0.1500240053988986,0.3673093279344347
s4,0.004276698454797,over,0.2574166666666667,0.14914886230920094,0.36568447102413243
s4,0.0045627298392999,over,0.25679166666666675,0.14849410088837967,0.36508923244495384
s4,0.0052206711469763,over,0.25725000000000003,0.1488575433864301,0.36564245661357
s4,0.0059971638906496,over,0.2572916666666667,0.14893804678293504,0.36564528655039835
s4,0.0064718705683189,over,0.25991666666666674,0.1513734527540806,0.3684598805792529
s4,0.0067010011069833,over,0.2710000000000001,0.16159265893798141,0.38040734106201873
s4,0.0072317294669136,over,0.275125,0.16559754536987714,0.3846524546301229
s4,0.0078606106895983,over,0.28658333333333325,0.1772065983480602,0.3959600683186063
s4,0.0085017812833031,over,0.3698333333333334,0.26124135368269596,0.47842531298397084
s4,0.0086259716342966,over,0.3698333333333334,0.26124135368269596,0.47842531298397084
s4,0.008960286480972,over,0.3702083333333333,0.2616778753635744,0.4787387913030922
s4,0.0091262752774888,over,0.384625,0.27687234397671456,0.4923776560232854
s4,0.0102412673518186,over,0.3894166666666667,0.28181556700317684,0.49701776633015654
s4,0.0123054987902743,over,0.3900416666666667,0.2824616176979517,0.49762171563538166
s4,0.0001309059088804,smote,0.19945833333333332,0.1082254525336476,0.290691214133019
s4,0.0001359931150301,smote,0.19658333333333333,0.10549604311073082,0.28767062355593587
s4,0.0004660905092151,smote,0.1955,0.10458776004347356,0.2864122399565264
s4,0.0005240579033835,smote,0.19466666666666665,0.10373478075018243,0.28559855258315087
s4,0.0008344163682757,smote,0.195125,0.10358040434784836,0.2866695956521516
s4,0.0012056702737248,smote,0.19525000000000003,0.10365304478669708,0.286846955213303
s4,0.0021607382093809,smote,0.19804166666666664,0.10578936654282096,0.29029396679051234
s4,0.0036217172076934,smote,0.19504166666666667,0.10251743258373652,0.2875659007495968
s4,0.0036861005218206,smote,0.19504166666666667,0.10251743258373652,0.2875659007495968
s4,0.0040069392494893,smote,0.1937916666666667,0.10127153201576351,0.2863118013175699
s4,0.004276698454797,smote,0.19383333333333333,0.10127749928998986,0.2863891673766768
s4,0.0045627298392999,smote,0.19383333333333333,0.10127749928998986,0.2863891673766768
s4,0.0052206711469763,smote,0.19404166666666664,0.10128552749786329,0.28679780583547
s4,0.0059971638906496,smote,0.19425,0.10132686326549395,0.28717313673450606
s4,0.0064718705683189,smote,0.19829166666666667,0.10454228158720186,0.2920410517461315
s4,0.0067010011069833,smote,0.2117083333333333,0.11493400452749111,0.3084826621391755
s4,0.0072317294669136,smote,0.22162500000000004,0.12330809093747562,0.31994190906252445
s4,0.0078606106895983,smote,0.2245,0.12594425404437565,0.32305574595562436
s4,0.0085017812833031,smote,0.20845833333333333,0.11550833368480275,0.3014083329818639
s4,0.0086259716342966,smote,0.20845833333333333,0.11550833368480275,0.3014083329818639
s4,0.008960286480972,smote,0.20845833333333333,0.11551559662343433,0.30140107004323236
s4,0.0091262752774888,smote,0.2005416666666667,0.10966204487030225,0.29142128846303117
s4,0.0102412673518186,smote,0.19891666666666666,0.10870743953115419,0.2891258938021791
s4,0.0123054987902743,smote,0.19870833333333335,0.10861872079761561,0.28879794586905105
s4,0.0001309059088804,under,0.25254166666666666,0.13620116738205698,0.3688821659512763
s4,0.0001359931150301,under,0.25275000000000003,0.1363506371039399,0.36914936289606015
s4,0.0004660905092151,under,0.25275000000000003,0.1363506371039399,0.36914936289606015
s4,0.0005240579033835,under,0.25383333333333336,0.13733694815170433,0.3703297185149624
s4,0.0008344163682757,under,0.2597916666666666,0.14169661448155657,0.3778867188517766
s4,0.0012056702737248,under,0.26133333333333325,0.14264898989335892,0.38001767677330756
s4,0.0021607382093809,under,0.260625,0.141987861038619,0.379262138961381
s4,0.0036217172076934,under,0.26262499999999994,0.1434622460483233,0.3817877539516766
s4,0.0036861005218206,under,0.26262499999999994,0.1434622460483233,0.3817877539516766
s4,0.0040069392494893,under,0.269375,0.14877723157272899,0.38997276842727097
s4,0.004276698454797,under,0.2704583333333333,0.14978786549395315,0.3911288011727134
s4,0.0045627298392999,under,0.2704583333333333,0.14978786549395315,0.3911288011727134
s4,0.0052206711469763,under,0.2669583333333333,0.14663327284098232,0.3872833938256843
s4,0.0059971638906496,under,0.26645833333333335,0.14596291447810622,0.3869537521885605
s4,0.0064718705683189,under,0.265375,0.14561918291185488,0.38513081708814517
s4,0.0067010011069833,under,0.2645416666666666,0.1467402184587637,0.3823431148745695
s4,0.0072317294669136,under,0.266875,0.14944571773937138,0.38430428226062857
s4,0.0078606106895983,under,0.2635833333333333,0.14762775445943574,0.3795389122072308
s4,0.0085017812833031,under,0.22416666666666665,0.11909889517243874,0.3292344381608946
s4,0.0086259716342966,under,0.22416666666666665,0.11909889517243874,0.3292344381608946
s4,0.008960286480972,under,0.224125,0.11907937760467933,0.32917062239532063
s4,0.0091262752774888,under,0.22141666666666662,0.11758733267757489,0.32524600065575837
s4,0.0102412673518186,under,0.2205,0.11685266553341092,0.32414733446658905
s4,0.0123054987902743,under,0.2205,0.11685266553341092,0.32414733446658905
l1,0.0190457291743235,none,0.25175,0.14608246573071398,0.35741753426928596
l1,0.0231723492822464,none,0.2515,0.14593395761729142,0.35706604238270856
l1,0.0276903369815675,none,0.2515,0.14593395761729142,0.35706604238270856
l1,0.0374824699848126,none,0.2515833333333333,0.14593716229723105,0.35722950436943557
l1,0.0493201579459608,none,0.25275,0.14651520859060763,0.3589847914093923
l1,0.0499890289309826,none,0.25287500000000007,0.1464206459985335,0.35932935400146665
l1,0.0503994184620503,none,0.25287500000000007,0.1464206459985335,0.35932935400146665
l1,0.0566608529413492,none,0.25337499999999996,0.1468540173541354,0.35989598264586453
l1,0.0574395914458254,none,0.2535833333333334,0.14705920790595595,0.3601074587607108
l1,0.0582684983939178,none,0.25362500000000004,0.14711355651566854,0.36013644348433155
l1,0.06674957905996,none,0.25795833333333335,0.1512408988890403,0.3646757677776264
l1,0.0696946525339101,none,0.26466666666666666,0.15755079180517378,0.37178254152815954
l1,0.077731826907617,none,0.267375,0.1605046624222347,0.37424533757776524
l1,0.078655060980218,none,0.27,0.16328527059274447,0.3767147294072556
l1,0.0803914517818803,none,0.28158333333333335,0.17483522440892568,0.388331442257741
l1,0.0860774178451089,none,0.281375,0.17461633683287392,0.38813366316712605
l1,0.0872265767205816,none,0.28054166666666663,0.17379459678924347,0.3872887365440898
l1,0.0917439976996797,none,0.26391666666666663,0.16076349582548807,0.36706983750784516
l1,0.0928378931172547,none,0.23858333333333337,0.14077932218543432,0.3363873444812324
l1,0.0959281843747063,none,0.23116666666666663,0.13533837343562302,0.3269949598977102
l1,0.0964004044729755,none,0.22362499999999996,0.13023535169513029,0.31701464830486964
l1,0.098679215049491,none,0.21991666666666665,0.127882307899303,0.3119510254340303
l1,0.100001741486936,none,0.21991666666666665,0.127882307899303,0.3119510254340303
l1,0.1013459014927668,none,0.21991666666666665,0.127882307899303,0.3119510254340303
l1,0.0190457291743235,over,0.24270833333333333,0.14078632042237646,0.34463034624429023
l1,0.0231723492822464,over,0.24270833333333333,0.14078632042237646,0.34463034624429023
l1,0.0276903369815675,over,0.24270833333333333,0.14078632042237646,0.34463034624429023
l1,0.0374824699848126,over,0.24270833333333333,0.14078632042237646,0.34463034624429023
l1,0.0493201579459608,over,0.24491666666666667,0.14252429155662083,0.3473090417767125
l1,0.0499890289309826,over,0.24583333333333335,0.14309410949934837,0.34857255716731833
l1,0.0503994184620503,over,0.24583333333333335,0.14309410949934837,0.34857255716731833
l1,0.0566608529413492,over,0.26345833333333324,0.15673004138912333,0.37018662527754315
l1,0.0574395914458254,over,0.2657916666666667,0.1589689968699989,0.37261433646333453
l1,0.0582684983939178,over,0.26629166666666665,0.1593987564618587,0.3731845768714746
l1,0.06674957905996,over,0.26158333333333333,0.1556087598470302,0.36755790681963646
l1,0.0696946525339101,over,0.2587916666666666,0.1530515957796865,0.36453173755364665
l1,0.077731826907617,over,0.2598333333333333,0.15386961247945774,0.36579705418720887
l1,0.078655060980218,over,0.25962499999999994,0.1537433981217494,0.36550660187825046
l1,0.0803914517818803,over,0.26170833333333327,0.1555820665774947,0.3678346000891718
l1,0.0860774178451089,over,0.2697083333333333,0.16268561453489472,0.37673105213177194
l1,0.0872265767205816,over,0.275625,0.1684783238611263,0.38277167613887375
l1,0.0917439976996797,over,0.31283333333333335,0.20576359778433986,0.41990306888232687
l1,0.0928378931172547,over,0.36266666666666664,0.2570462722903315,0.4682870610430018
l1,0.0959281843747063,over,0.3760833333333333,0.27088011078621016,0.4812865558804565
l1,0.0964004044729755,over,0.39937500000000004,0.29510876858538626,0.5036412314146138
l1,0.098679215049491,over,0.4110833333333333,0.3075568691421773,0.5146097975244893
l1,0.100001741486936,over,0.4110833333333333,0.3075568691421773,0.5146097975244893
l1,0.1013459014927668,over,0.4110833333333333,0.3075568691421773,0.5146097975244893
l1,0.0190457291743235,smote,0.20558333333333334,0.1109167832849259,0.3002498833817408
l1,0.0231723492822464,smote,0.20558333333333334,0.1109167832849259,0.3002498833817408
l1,0.0276903369815675,smote,0.20558333333333334,0.1109167832849259,0.3002498833817408
l1,0.0374824699848126,smote,0.206875,0.11201659384006656,0.30173340615993344
l1,0.0493201579459608,smote,0.20545833333333338,0.11053555776488323,0.30038110890178354
l1,0.0499890289309826,smote,0.20616666666666672,0.11100483615425259,0.30132849717908083
l1,0.0503994184620503,smote,0.20616666666666672,0.11100483615425259,0.30132849717908083
l1,0.0566608529413492,smote,0.21395833333333328,0.11687096618008931,0.31104570048657726
l1,0.0574395914458254,smote,0.21245833333333333,0.11553737527975157,0.3093792913869151
l1,0.0582684983939178,smote,0.212375,0.11547452053445674,0.3092754794655433
l1,0.06674957905996,smote,0.2117083333333334,0.11489934822874365,0.3085173184379231
l1,0.0696946525339101,smote,0.21233333333333337,0.1153879152620075,0.3092787514046592
l1,0.077731826907617,smote,0.212875,0.11596730286437287,0.3097826971356271
l1,0.078655060980218,smote,0.2187083333333333,0.12085391613565839,0.31656275053100824
l1,0.0803914517818803,smote,0.21649999999999994,0.11894078403200513,0.31405921596799474
l1,0.0860774178451089,smote,0.21766666666666667,0.1201644880907336,0.31516884524259975
l1,0.0872265767205816,smote,0.21591666666666662,0.11889932675778656,0.3129340065755467
l1,0.0917439976996797,smote,0.20741666666666667,0.11267148812185668,0.30216184521147665
l1,0.0928378931172547,smote,0.19645833333333337,0.10472693902730257,0.2881897276393642
l1,0.0959281843747063,smote,0.19516666666666668,0.10413029474554722,0.2862030385877862
l1,0.0964004044729755,smote,0.185875,0.09794540272369084,0.2738045972763092
l1,0.098679215049491,smote,0.1802083333333333,0.09428444466808789,0.2661322219985787
l1,0.100001741486936,smote,0.1802083333333333,0.09428444466808789,0.2661322219985787
l1,0.1013459014927668,smote,0.1802083333333333,0.09428444466808789,0.2661322219985787
l1,0.0190457291743235,under,0.29995833333333327,0.18462165735398062,0.4152950093126859
l1,0.0231723492822464,under,0.3002083333333333,0.18489208426829495,0.41552458239837164
l1,0.0276903369815675,under,0.3002083333333333,0.18489208426829495,0.41552458239837164
l1,0.0374824699848126,under,0.2988333333333333,0.18366016277934125,0.4140065038873253
l1,0.0493201579459608,under,0.29687500000000006,0.18183801004944522,0.4119119899505549
l1,0.0499890289309826,under,0.295125,0.18000745593074777,0.4102425440692523
l1,0.0503994184620503,under,0.295125,0.18000745593074777,0.4102425440692523
l1,0.0566608529413492,under,0.2692083333333333,0.15568626790546303,0.3827303987612036
l1,0.0574395914458254,under,0.26816666666666666,0.15484035071170982,0.3814929826216235
l1,0.0582684983939178,under,0.2677083333333334,0.15448321709269835,0.3809334495739684
l1,0.06674957905996,under,0.26875,0.15565983322260446,0.3818401667773955
l1,0.0696946525339101,under,0.2642083333333333,0.15189940759775683,0.3765172590689098
l1,0.077731826907617,under,0.25991666666666663,0.14863583148927512,0.37119750184405814
l1,0.078655060980218,under,0.25166666666666665,0.14113074381103616,0.3622025895222971
l1,0.0803914517818803,under,0.24020833333333327,0.13126122708768984,0.3491554395789767
l1,0.0860774178451089,under,0.23124999999999998,0.12407160343005519,0.3384283965699448
l1,0.0872265767205816,under,0.22791666666666666,0.12203098286427756,0.33380235046905576
l1,0.0917439976996797,under,0.2158333333333333,0.11393411629585924,0.31773255037080733
l1,0.0928378931172547,under,0.20229166666666665,0.10493479071262114,0.29964854262071217
l1,0.0959281843747063,under,0.19758333333333333,0.10174347545083647,0.2934231912158302
l1,0.0964004044729755,under,0.19112499999999996,0.09765531397982473,0.2845946860201752
l1,0.098679215049491,under,0.1887916666666666,0.09648608428396528,0.28109724904936795
l1,0.100001741486936,under,0.1887916666666666,0.09648608428396528,0.28109724904936795
l1,0.1013459014927668,under,0.1887916666666666,0.09648608428396528,0.28109724904936795
theta_hat,0.036548976670432,none,0.30125,0.19940122716013953,0.4030987728398605
theta_hat,0.0394088882779717,none,0.30433333333333334,0.2017576253390358,0.4069090413276309
theta_hat,0.0840349265200011,none,0.30641666666666667,0.2033694732314293,0.40946386010190405
theta_hat,0.224255216355173,none,0.3042916666666666,0.20130922284194908,0.4072741104913842
theta_hat,0.3236186292003419,none,0.28424999999999995,0.18109559227384736,0.38740440772615253
theta_hat,0.3239169910141135,none,0.28424999999999995,0.18109559227384736,0.38740440772615253
theta_hat,0.3919971641049367,none,0.2828333333333333,0.17970237834731323,0.3859642883193534
theta_hat,0.4214949610433604,none,0.27299999999999996,0.16965465453642573,0.37634534546357423
theta_hat,0.4773957524646127,none,0.26412500000000005,0.16147450841763375,0.36677549158236633
theta_hat,0.4822171353669592,none,0.26412500000000005,0.16147450841763375,0.36677549158236633
theta_hat,0.4973897524851557,none,0.2625,0.1603229648592947,0.3646770351407053
theta_hat,0.5091335595927331,none,0.24020833333333333,0.14098598691447092,0.33943067975219576
theta_hat,0.5306655828930503,none,0.23845833333333336,0.13960025951384444,0.3373164071528223
theta_hat,0.5351083032490975,none,0.23845833333333336,0.13960025951384444,0.3373164071528223
theta_hat,0.5546591380668098,none,0.23258333333333328,0.13464812588734926,0.3305185407793173
theta_hat,0.6441092787750594,none,0.22762500000000005,0.13122019917503364,0.32402980082496646
theta_hat,0.6519904876465581,none,0.205375,0.1145048871915986,0.2962451128084014
theta_hat,0.6795592701797947,none,0.19691666666666666,0.10865712007404983,0.2851762132592835
theta_hat,0.6856680709151591,none,0.19583333333333333,0.10822484229270725,0.28344182437395943
theta_hat,0.7012841770730781,none,0.19583333333333333,0.10822484229270725,0.28344182437395943
theta_hat,0.7540106276302595,none,0.19020833333333334,0.10426581779712843,0.2761508488695382
theta_hat,0.7759270243839876,none,0.18670833333333334,0.10188997278070447,0.2715266938859622
theta_hat,0.7879359362080488,none,0.18670833333333334,0.10188997278070447,0.2715266938859622
theta_hat,0.8315374979417314,none,0.18670833333333334,0.10188997278070447,0.2715266938859622
theta_hat,0.036548976670432,over,0.29266666666666663,0.17510030473036614,0.4102330286029671
theta_hat,0.0394088882779717,over,0.29312499999999997,0.17536903058763267,0.4108809694123673
theta_hat,0.0840349265200011,over,0.29312499999999997,0.17536903058763267,0.4108809694123673
theta_hat,0.224255216355173,over,0.29425,0.17641433486307775,0.41208566513692224
theta_hat,0.3236186292003419,over,0.30208333333333337,0.18229171767461705,0.4218749489920497
theta_hat,0.3239169910141135,over,0.30087499999999995,0.18115001605127795,0.42059998394872194
theta_hat,0.3919971641049367,over,0.3019583333333334,0.1820799789883602,0.42183668767830657
theta_hat,0.4214949610433604,over,0.304,0.1826708007950677,0.4253291992049323
theta_hat,0.4773957524646127,over,0.301,0.1802462223233227,0.42175377767667727
theta_hat,0.4822171353669592,over,0.301,0.1802462223233227,0.42175377767667727
theta_hat,0.4973897524851557,over,0.2959583333333334,0.1757437951235949,0.41617287154307187
theta_hat,0.5091335595927331,over,0.2967916666666666,0.17587702795426052,0.4177063053790727
theta_hat,0.5306655828930503,over,0.29754166666666665,0.1766452171682281,0.4184381161651052
theta_hat,0.5351083032490975,over,0.29754166666666665,0.1766452171682281,0.4184381161651052
theta_hat,0.5546591380668098,over,0.3100416666666667,0.18788463666188404,0.4321986966714494
theta_hat,0.6441092787750594,over,0.311625,0.1900671040710182,0.43318289592898174
theta_hat,0.6519904876465581,over,0.31483333333333335,0.1949776693721551,0.4346889972945116
theta_hat,0.6795592701797947,over,0.3189583333333333,0.19972956374130085,0.4381871029253657
theta_hat,0.6856680709151591,over,0.31745833333333334,0.19841424450932998,0.4365024221573367
theta_hat,0.7012841770730781,over,0.31745833333333334,0.19841424450932998,0.4365024221573367
theta_hat,0.7540106276302595,over,0.30912500000000004,0.1922082319259378,0.42604176807406224
theta_hat,0.7759270243839876,over,0.3002500000000001,0.18618025674576563,0.4143197432542345
theta_hat,0.7879359362080488,over,0.3002500000000001,0.18618025674576563,0.4143197432542345
theta_hat,0.8315374979417314,over,0.3002500000000001,0.18618025674576563,0.4143197432542345
theta_hat,0.036548976670432,smote,0.23345833333333335,0.14167233077005634,0.3252443358966104
theta_hat,0.0394088882779717,smote,0.22991666666666669,0.13809731311593954,0.32173602021739384
theta_hat,0.0840349265200011,smote,0.22754166666666667,0.13587068268467237,0.319212650648661
theta_hat,0.224255216355173,smote,0.2280833333333334,0.13627974643373097,0.3198869202329358
theta_hat,0.3236186292003419,smote,0.23316666666666666,0.1401329455348488,0.3262003877984845
theta_hat,0.3239169910141135,smote,0.23433333333333337,0.14114496845449093,0.3275216982121758
theta_hat,0.3919971641049367,smote,0.2324166666666667,0.13912341503763992,0.32570991829569346
theta_hat,0.4214949610433604,smote,0.22758333333333333,0.13363503040717445,0.3215316362594922
theta_hat,0.4773957524646127,smote,0.22716666666666663,0.1331469249942147,0.32118640833911855
theta_hat,0.4822171353669592,smote,0.22716666666666663,0.1331469249942147,0.32118640833911855
theta_hat,0.4973897524851557,smote,0.21841666666666668,0.12534269026308287,0.3114906430702505
theta_hat,0.5091335595927331,smote,0.212125,0.11908913603120413,0.3051608639687959
theta_hat,0.5306655828930503,smote,0.213125,0.12000815894120917,0.3062418410587908
theta_hat,0.5351083032490975,smote,0.213125,0.12000815894120917,0.3062418410587908
theta_hat,0.5546591380668098,smote,0.201875,0.11144282997337376,0.2923071700266262
theta_hat,0.6441092787750594,smote,0.18470833333333336,0.09842666441586528,0.27099000225080144
theta_hat,0.6519904876465581,smote,0.16995833333333335,0.08785262972453026,0.2520640369421364
theta_hat,0.6795592701797947,smote,0.1660416666666667,0.08519672571090807,0.2468866076224253
theta_hat,0.6856680709151591,smote,0.16270833333333337,0.08285042595470417,0.2425662407119626
theta_hat,0.7012841770730781,smote,0.16270833333333337,0.08285042595470417,0.2425662407119626
theta_hat,0.7540106276302595,smote,0.15849999999999997,0.08011731169392719,0.23688268830607276
theta_hat,0.7759270243839876,smote,0.15579166666666666,0.07853607535907893,0.2330472579742544
theta_hat,0.7879359362080488,smote,0.15579166666666666,0.07853607535907893,0.2330472579742544
theta_hat,0.8315374979417314,smote,0.15579166666666666,0.07853607535907893,0.2330472579742544
theta_hat,0.036548976670432,under,0.17262500000000003,0.09214887885667353,0.2531011211433265
theta_hat,0.0394088882779717,under,0.17262500000000003,0.09214887885667353,0.2531011211433265
theta_hat,0.0840349265200011,under,0.1729166666666667,0.09233467051451906,0.25349866281881434
theta_hat,0.224255216355173,under,0.17337499999999997,0.09258901908773697,0.25416098091226297
theta_hat,0.3236186292003419,under,0.1805,0.09741197644683672,0.26358802355316324
theta_hat,0.3239169910141135,under,0.18054166666666668,0.09742374805652508,0.2636595852768083
theta_hat,0.3919971641049367,under,0.18279166666666669,0.0988145195690078,0.2667688137643256
theta_hat,0.4214949610433604,under,0.19541666666666666,0.10785511604458713,0.28297821728874617
theta_hat,0.4773957524646127,under,0.2077083333333333,0.11703390539999232,0.2983827612666743
theta_hat,0.4822171353669592,under,0.2077083333333333,0.11703390539999232,0.2983827612666743
theta_hat,0.4973897524851557,under,0.22312499999999993,0.12874364792660092,0.31750635207339895
theta_hat,0.5091335595927331,under,0.250875,0.150201393012664,0.35154860698733603
theta_hat,0.5306655828930503,under,0.25087499999999996,0.15012220284208017,0.35162779715791975
theta_hat,0.5351083032490975,under,0.25087499999999996,0.15012220284208017,0.35162779715791975
theta_hat,0.5546591380668098,under,0.2555,0.15355555755742473,0.3574444424425753
theta_hat,0.6441092787750594,under,0.27604166666666663,0.17159386450362052,0.38048946882971274
theta_hat,0.6519904876465581,under,0.3098333333333333,0.20203800317536802,0.41762866349129857
theta_hat,0.6795592701797947,under,0.31808333333333333,0.20970329054463893,0.4264633761220277
theta_hat,0.6856680709151591,under,0.324,0.21488674236691335,0.43311325763308667
theta_hat,0.7012841770730781,under,0.324,0.21488674236691335,0.43311325763308667
theta_hat,0.7540106276302595,under,0.34216666666666673,0.23354758126262892,0.45078575207070454
theta_hat,0.7759270243839876,under,0.35725,0.24917531406208154,0.4653246859379185
theta_hat,0.7879359362080488,under,0.35725,0.24917531406208154,0.4653246859379185
theta_hat,0.8315374979417314,under,0.35725,0.24917531406208154,0.4653246859379185
