seed,arm,approach,mean_spearman
0,X_base,Approach1,0.45873905631045714
0,X_base,Approach2,0.4635452891800111
0,X_pruned,Approach1,0.4605464583433907
0,X_pruned,Approach2,0.45983565317202224
0,X_ext,Approach1,0.4380677009150456
0,X_ext,Approach2,0.4531307955179847
1,X_base,Approach1,0.4754768835090646
1,X_base,Approach2,0.450349342532633
1,X_pruned,Approach1,0.4785708419856001
1,X_pruned,Approach2,0.444239921904356
1,X_ext,Approach1,0.45083543970631673
1,X_ext,Approach2,0.43132837293926013
2,X_base,Approach1,0.4681207294126823
2,X_base,Approach2,0.4634116970174422
2,X_pruned,Approach1,0.4653797076768999
2,X_pruned,Approach2,0.46015313864019597
2,X_ext,Approach1,0.4504415922953946
2,X_ext,Approach2,0.4585627114576827
3,X_base,Approach1,0.46891525063094236
3,X_base,Approach2,0.4617471854626527
3,X_pruned,Approach1,0.46118125299138724
3,X_pruned,Approach2,0.4505632564842695
3,X_ext,Approach1,0.4605198478797366
3,X_ext,Approach2,0.4448774500164987
4,X_base,Approach1,0.45838486546438323
4,X_base,Approach2,0.4652538670142304
4,X_pruned,Approach1,0.4635909270737956
4,X_pruned,Approach2,0.4563191607796872
4,X_ext,Approach1,0.43848989394634375
4,X_ext,Approach2,0.4510008046402721
