dataset_id,approach,spearman,arm
DS01,AR,0.5993041772085089,X-blind
DS01,MR,0.6737760188117295,X-blind
DS01,SigWins,0.6484363398256614,X-blind
DS02,AR,0.6033982262431548,X-blind
DS02,MR,0.6695758060423733,X-blind
DS02,SigWins,0.634834579020293,X-blind
DS03,AR,0.5616768779259089,X-blind
DS03,MR,0.6001715035979407,X-blind
DS03,SigWins,0.6194369156118368,X-blind
DS04,AR,-0.37011421055758875,X-blind
DS04,MR,-0.3446893387232956,X-blind
DS04,SigWins,-0.33221626997183423,X-blind
DS05,AR,0.15118587625928637,X-blind
DS05,MR,0.1228372597628799,X-blind
DS05,SigWins,0.09000661815419755,X-blind
DS06,AR,0.27025296491285467,X-blind
DS06,MR,0.2465883341948866,X-blind
DS06,SigWins,0.2699910366678209,X-blind
DS07,AR,0.32408435072142067,X-blind
DS07,MR,0.2863802614680317,X-blind
DS07,SigWins,0.4026470319262452,X-blind
DS08,AR,-0.2933555314322155,X-blind
DS08,MR,-0.327100467308079,X-blind
DS08,SigWins,-0.2966979023778267,X-blind
DS09,AR,-0.17088580591878375,X-blind
DS09,MR,-0.1754283204942138,X-blind
DS09,SigWins,-0.25773812276464814,X-blind
DS10,AR,0.46348596530095315,X-blind
DS10,MR,0.43391295916750067,X-blind
DS10,SigWins,0.6220243826674403,X-blind
DS11,AR,0.42385943947662197,X-blind
DS11,MR,0.4237822713809229,X-blind
DS11,SigWins,0.4833489885713546,X-blind
DS12,AR,0.6243196518038637,X-blind
DS12,MR,0.6467415634647694,X-blind
DS12,SigWins,0.6707082836893528,X-blind
DS13,AR,0.3415446384159658,X-blind
DS13,MR,0.37964987250458027,X-blind
DS13,SigWins,0.5552851796196911,X-blind
DS14,AR,0.5008217541854993,X-blind
DS14,MR,0.46578082510195856,X-blind
DS14,SigWins,0.3701837918922168,X-blind
DS15,AR,0.4508431167395141,X-blind
DS15,MR,0.4533081489231392,X-blind
DS15,SigWins,0.2821098485553879,X-blind
DS16,AR,0.5981515870821018,X-blind
DS16,MR,0.6000133674339616,X-blind
DS16,SigWins,0.5861583212453154,X-blind
DS17,AR,0.3611371979851447,X-blind
DS17,MR,0.3630265862420178,X-blind
DS17,SigWins,0.15437488080754883,X-blind
DS18,AR,0.5340761137585053,X-blind
DS18,MR,0.5131893066162249,X-blind
DS18,SigWins,0.45653055655086033,X-blind
DS19,AR,0.7009371860475087,X-blind
DS19,MR,0.6732804686381635,X-blind
DS19,SigWins,0.7080095739828877,X-blind
DS20,AR,0.5551215556962354,X-blind
DS20,MR,0.6178797245739145,X-blind
DS20,SigWins,0.47197199721106264,X-blind
DS21,AR,0.14701927390170988,X-blind
DS21,MR,0.26012622490990817,X-blind
DS21,SigWins,0.25551262766404303,X-blind
DS22,AR,-0.34574172923712954,X-blind
DS22,MR,-0.3876434969115314,X-blind
DS22,SigWins,-0.28046958403357714,X-blind
DS23,AR,0.02360725722535284,X-blind
DS23,MR,-0.020136403345890213,X-blind
DS23,SigWins,0.039959016539096705,X-blind
DS24,AR,0.09422362712300454,X-blind
DS24,MR,0.18197390189989956,X-blind
DS24,SigWins,0.24329227994981795,X-blind
DS01,Approach1,0.769657645351319,X_base
DS01,Approach2,0.6150431144881755,X_base
DS01,HARRIS,0.8522154870656535,X_base
DS02,Approach1,0.81371126099206,X_base
DS02,Approach2,0.7132246222146333,X_base
DS02,HARRIS,0.6816357892939467,X_base
DS03,Approach1,0.7166396311790318,X_base
DS03,Approach2,0.6736105182276103,X_base
DS03,HARRIS,0.6222146333134124,X_base
DS04,Approach1,-0.6178604968838043,X_base
DS04,Approach2,-0.4448144117467528,X_base
DS04,HARRIS,-0.4054469392982156,X_base
DS05,Approach1,0.4243601535472996,X_base
DS05,Approach2,0.496766071094203,X_base
DS05,HARRIS,0.3972506266355757,X_base
DS06,Approach1,0.4869802783232306,X_base
DS06,Approach2,0.5155809784000682,X_base
DS06,HARRIS,0.3178519593613933,X_base
DS07,Approach1,0.40715444378041493,X_base
DS07,Approach2,0.7220490935074464,X_base
DS07,HARRIS,0.5704772475027747,X_base
DS08,Approach1,0.06778792794331084,X_base
DS08,Approach2,0.5476820626654144,X_base
DS08,HARRIS,0.09664475369247844,X_base
DS09,Approach1,0.3622470758985742,X_base
DS09,Approach2,0.015623666012123283,X_base
DS09,HARRIS,-0.057542901050115246,X_base
DS10,Approach1,0.5009499035939651,X_base
DS10,Approach2,0.6687301252680987,X_base
DS10,HARRIS,0.5567912598152799,X_base
DS11,Approach1,0.4773411344881647,X_base
DS11,Approach2,0.05357981490735494,X_base
DS11,HARRIS,0.40006830974766044,X_base
DS12,Approach1,0.7619738751814223,X_base
DS12,Approach2,0.6437291897891232,X_base
DS12,HARRIS,0.8733031674208144,X_base
DS13,Approach1,0.6065909673012891,X_base
DS13,Approach2,0.7221036455220694,X_base
DS13,HARRIS,0.6223000085375223,X_base
DS14,Approach1,0.7941603346708784,X_base
DS14,Approach2,0.7261162810552376,X_base
DS14,HARRIS,0.8129428839750704,X_base
DS15,Approach1,0.858277127977461,X_base
DS15,Approach2,0.816016392043029,X_base
DS15,HARRIS,0.8442755912234269,X_base
DS16,Approach1,0.7622300008537523,X_base
DS16,Approach2,0.699820712029369,X_base
DS16,HARRIS,0.6895756851361735,X_base
DS17,Approach1,0.6949543242551011,X_base
DS17,Approach2,0.3881157688038931,X_base
DS17,HARRIS,0.8176385213011184,X_base
DS18,Approach1,0.5948091863741142,X_base
DS18,Approach2,0.7500373526286417,X_base
DS18,HARRIS,0.7363613079484334,X_base
DS19,Approach1,0.6783915307777683,X_base
DS19,Approach2,0.6638777426790745,X_base
DS19,HARRIS,0.5661231110731666,X_base
DS20,Approach1,0.5779902672244515,X_base
DS20,Approach2,0.6158968667292751,X_base
DS20,HARRIS,0.6263126440706906,X_base
DS21,Approach1,0.309229061726287,X_base
DS21,Approach2,0.0519957311039417,X_base
DS21,HARRIS,0.34252539912917274,X_base
DS22,Approach1,-0.04473661743362076,X_base
DS22,Approach2,0.29872790916076153,X_base
DS22,HARRIS,-0.17638521301118412,X_base
DS23,Approach1,0.42380261248185774,X_base
DS23,Approach2,0.2621019380175873,X_base
DS23,HARRIS,0.20268078203705284,X_base
DS24,Approach1,-0.22351233671988388,X_base
DS24,Approach2,-0.25868692905318874,X_base
DS24,HARRIS,0.21326730982668826,X_base
DS01,Approach1,0.7313241697259455,X_pruned
DS01,Approach2,0.6100059762656876,X_pruned
DS01,HARRIS,0.886194826261419,X_pruned
DS02,Approach1,0.8044053615640742,X_pruned
DS02,Approach2,0.7355075557073336,X_pruned
DS02,HARRIS,0.8140527618885,X_pruned
DS03,Approach1,0.6986254588918295,X_pruned
DS03,Approach2,0.6744642704687099,X_pruned
DS03,HARRIS,0.7247502774694783,X_pruned
DS04,Approach1,-0.6456928199436522,X_pruned
DS04,Approach2,-0.5460599334073251,X_pruned
DS04,HARRIS,-0.2474173994706736,X_pruned
DS05,Approach1,0.5308344214494088,X_pruned
DS05,Approach2,0.5104702571393421,X_pruned
DS05,HARRIS,0.07253399405199819,X_pruned
DS06,Approach1,0.5219841202083155,X_pruned
DS06,Approach2,0.5325506941885654,X_pruned
DS06,HARRIS,0.3112780671049261,X_pruned
DS07,Approach1,0.47221036455220694,X_pruned
DS07,Approach2,0.7207376419363101,X_pruned
DS07,HARRIS,0.5349611542730299,X_pruned
DS08,Approach1,0.03073508067958678,X_pruned
DS08,Approach2,0.5922479296508153,X_pruned
DS08,HARRIS,0.05361564074105695,X_pruned
DS09,Approach1,0.33953726628532405,X_pruned
DS09,Approach2,-0.06642192435755144,X_pruned
DS09,HARRIS,0.16912831896183728,X_pruned
DS10,Approach1,0.5368967093572273,X_pruned
DS10,Approach2,0.672871265599496,X_pruned
DS10,HARRIS,0.5971353589201287,X_pruned
DS11,Approach1,0.4526223690048763,X_pruned
DS11,Approach2,0.07889681111457524,X_pruned
DS11,HARRIS,0.46662540022856985,X_pruned
DS12,Approach1,0.7502774694783574,X_pruned
DS12,Approach2,0.6267395201912405,X_pruned
DS12,HARRIS,0.8610091351489798,X_pruned
DS13,Approach1,0.6047980875949799,X_pruned
DS13,Approach2,0.718432510885341,X_pruned
DS13,HARRIS,0.6299837787074191,X_pruned
DS14,Approach1,0.7765730385042261,X_pruned
DS14,Approach2,0.7073337317510459,X_pruned
DS14,HARRIS,0.7765730385042261,X_pruned
DS15,Approach1,0.8419704601724579,X_pruned
DS15,Approach2,0.8150772645778194,X_pruned
DS15,HARRIS,0.8458977204815162,X_pruned
DS16,Approach1,0.7436182019977802,X_pruned
DS16,Approach2,0.6982839579953897,X_pruned
DS16,HARRIS,0.6963203278408605,X_pruned
DS17,Approach1,0.678989157346538,X_pruned
DS17,Approach2,0.4036540595919064,X_pruned
DS17,HARRIS,0.7145052505762827,X_pruned
DS18,Approach1,0.5590369674720395,X_pruned
DS18,Approach2,0.7377430579469657,X_pruned
DS18,HARRIS,0.769828395799539,X_pruned
DS19,Approach1,0.6648168701442841,X_pruned
DS19,Approach2,0.6621702381968751,X_pruned
DS19,HARRIS,0.5458891829591053,X_pruned
DS20,Approach1,0.5130197216767693,X_pruned
DS20,Approach2,0.6153846153846154,X_pruned
DS20,HARRIS,0.6303252796038589,X_pruned
DS21,Approach1,0.32767011013403907,X_pruned
DS21,Approach2,0.03833429383383724,X_pruned
DS21,HARRIS,0.0916076154699906,X_pruned
DS22,Approach1,-0.09613250234781866,X_pruned
DS22,Approach2,0.2812259882182191,X_pruned
DS22,HARRIS,0.03363783829932553,X_pruned
DS23,Approach1,0.36310082813967387,X_pruned
DS23,Approach2,0.27337730257449183,X_pruned
DS23,HARRIS,0.0546401434303765,X_pruned
DS24,Approach1,-0.2698710834115939,X_pruned
DS24,Approach2,-0.2425510116964057,X_pruned
DS24,HARRIS,0.10680440536156406,X_pruned
DS01,Approach1,0.8102108768035514,X_ext
DS01,Approach2,0.5749167591564928,X_ext
DS01,HARRIS,0.893024844190216,X_ext
DS02,Approach1,0.7774267907453255,X_ext
DS02,Approach2,0.7202253905916502,X_ext
DS02,HARRIS,0.7318364210706052,X_ext
DS03,Approach1,0.7045163493554171,X_ext
DS03,Approach2,0.6443268163578928,X_ext
DS03,HARRIS,0.7462648339451889,X_ext
DS04,Approach1,-0.5034576965764535,X_ext
DS04,Approach2,-0.532485272773841,X_ext
DS04,HARRIS,-0.3928114061299411,X_ext
DS05,Approach1,0.5425320755813968,X_ext
DS05,Approach2,0.5364270955052133,X_ext
DS05,HARRIS,0.06702670433292358,X_ext
DS06,Approach1,0.5826859045504994,X_ext
DS06,Approach2,0.676598651071459,X_ext
DS06,HARRIS,0.3243404763937505,X_ext
DS07,Approach1,0.19576538888414582,X_ext
DS07,Approach2,0.6769401519678989,X_ext
DS07,HARRIS,0.27473747118586184,X_ext
DS08,Approach1,0.0176726713907624,X_ext
DS08,Approach2,0.4320840092205242,X_ext
DS08,HARRIS,-0.013233159737044309,X_ext
DS09,Approach1,0.4022026807820371,X_ext
DS09,Approach2,-0.1567489114658926,X_ext
DS09,HARRIS,-0.03329633740288568,X_ext
DS10,Approach1,0.5565351068050902,X_ext
DS10,Approach2,0.6055884082563827,X_ext
DS10,HARRIS,0.6125045395314997,X_ext
DS11,Approach1,0.4581296587239509,X_ext
DS11,Approach2,0.0670693965012885,X_ext
DS11,HARRIS,0.3826072128864083,X_ext
DS12,Approach1,0.7941603346708784,X_ext
DS12,Approach2,0.613847861350636,X_ext
DS12,HARRIS,0.9079655084094596,X_ext
DS13,Approach1,0.5564757107487407,X_ext
DS13,Approach2,0.7145631898492222,X_ext
DS13,HARRIS,0.6054810893878596,X_ext
DS14,Approach1,0.7572782378553743,X_ext
DS14,Approach2,0.6495347050286008,X_ext
DS14,HARRIS,0.8056859899257235,X_ext
DS15,Approach1,0.8384700759839494,X_ext
DS15,Approach2,0.8039784854435243,X_ext
DS15,HARRIS,0.8621190130624092,X_ext
DS16,Approach1,0.7267992828481175,X_ext
DS16,Approach2,0.6937738790506935,X_ext
DS16,HARRIS,0.6573892256467172,X_ext
DS17,Approach1,0.669768633142662,X_ext
DS17,Approach2,0.41261845812345255,X_ext
DS17,HARRIS,0.5384615384615385,X_ext
DS18,Approach1,0.5692819943652352,X_ext
DS18,Approach2,0.6890634337915137,X_ext
DS18,HARRIS,0.7466917100657389,X_ext
DS19,Approach1,0.6365576709638863,X_ext
DS19,Approach2,0.648937078459831,X_ext
DS19,HARRIS,0.5737215060189532,X_ext
DS20,Approach1,0.5166054810893878,X_ext
DS20,Approach2,0.5985656962349526,X_ext
DS20,HARRIS,0.7009305899427986,X_ext
DS21,Approach1,0.2940322718347136,X_ext
DS21,Approach2,0.06531204644412192,X_ext
DS21,HARRIS,0.2136941859472381,X_ext
DS22,Approach1,-0.295312900196363,X_ext
DS22,Approach2,0.3368623268811198,X_ext
DS22,HARRIS,0.47844275591223423,X_ext
DS23,Approach1,0.5343635277042601,X_ext
DS23,Approach2,0.2248783403056433,X_ext
DS23,HARRIS,0.609408349696918,X_ext
DS24,Approach1,-0.2529667890378212,X_ext
DS24,Approach2,-0.13019721676769402,X_ext
DS24,HARRIS,-0.2909587637667549,X_ext
