approach,mean_spearman,sd_spearman,auc,loss_at_1,arm
AR,0.2978730650361416,0.325770813891914,0.00992305894097202,0.06018836317469261,X-blind
MR,0.3065415157479914,0.33726516221055725,0.01006000627651163,0.04599193016446407,X-blind
SigWins,0.3082375154585102,0.33197990870128763,0.009136829437894275,0.06887646019502774,X-blind
Approach1,0.46679705387018516,0.3595277108230564,0.006737166077063748,0.043389875444932724,X_base
Approach2,0.45653867731446623,0.34262737260086995,0.0064147102422009205,0.03913615501302809,X_base
HARRIS,0.46679505936449966,0.34499702542315863,0.007800982491748098,0.029092686742607177,X_base
Approach1,0.45547290952820313,0.3664282744176978,0.007298572470006334,0.037711096477162885,X_pruned
Approach2,0.45210316973988746,0.35741482788820594,0.006530495777101028,0.04016316076336843,X_pruned
HARRIS,0.4641616880255548,0.3376378895948541,0.0076958257439142625,0.031026882035089954,X_pruned
Approach1,0.4610636498291212,0.3611215909601135,0.006799450153736489,0.03685897244037531,X_ext
Approach2,0.44005694489114605,0.344944064212558,0.006865843435039192,0.043738853308730195,X_ext
HARRIS,0.4432249011694063,0.3776112387461717,0.00846108297005589,0.03989888050639634,X_ext
