,log_N,IR,pct_rare_09,pct_rare_08,autocorr,hurst_exponent,slope,skewness,kurtosis,interq_range,spectral_entropy,mean_abs_diff,lempel_ziv,neighbourhood_peaks,calc_centroid,c2,s4,l1,theta_hat
DS01,6.593044534142437,0.11,10.0,13.42,1.0,0.3668055726044017,-8.316731017449595e-05,-0.23947810387863008,0.6701172278856737,1.098782507380707,0.9029254399886425,1.013091849721107,0.1780821917808219,29.0,0.4604976562821373,0.08381992211860147,0.012305498790274398,0.1013459014927668,0.4214949610433604
DS02,6.593044534142437,0.1,9.32,12.6,1.0,0.29387622371059663,1.040307336882354e-05,-0.28488532797058297,2.039175888228307,1.1009732641509347,0.9102622063373071,1.150677749925066,0.1821917808219178,37.0,0.41789042436555895,0.09032739059892486,0.004562729839299996,0.06674957905996,0.7759270243839876
DS03,6.593044534142437,0.07,6.85,10.55,1.0,0.26193753102012346,-8.234118943778424e-06,0.06305938337213453,0.368410550597015,1.1877056305955715,0.9004387462849891,1.2479581392598702,0.17671232876712328,34.0,0.49475885211701237,0.07400326619358161,0.01024126735181861,0.09867921504949101,0.47739575246461274
DS04,6.593044534142437,0.16,13.56,16.3,1.0,0.32021790684017587,-5.607716177925156e-05,-0.4094489506226613,3.7241488354311985,0.8811438898547408,0.9021603686215525,1.0978739842074317,0.18082191780821918,35.0,0.6109964235492752,0.07657644862169698,0.00522067114697638,0.06969465253391012,0.3919971641049367
DS05,9.762960317399152,0.01,1.06,3.54,1.0,0.224420461515995,-4.094351832127706e-07,-0.2128604190805921,9.978739512160113,1.668645599220845,0.8247259002740559,0.7989851935499246,0.0826907584301991,402.0,0.4981201411249245,0.1939443062108079,0.0012056702737248293,0.02769033698156754,0.7879359362080488
DS06,9.762960317399152,0.05,4.85,7.99,1.0,0.1625023506770517,6.61029515434656e-08,0.1299895860530857,11.036845809443463,1.294890144313364,0.8931239656429975,0.9457571496281968,0.09822764414777305,706.0,0.4832464979443746,0.09673134802198367,0.0008344163682757664,0.023172349282246492,0.8315374979417314
DS07,9.762960317399152,0.14,12.53,14.93,1.0,0.16054167249307677,-5.7135355703348656e-08,0.1139975873359409,2.6071438025387446,1.0466494292806594,0.9410170578123046,1.1806128761587769,0.10380941420186443,720.0,0.4935350419265878,0.042840456968215875,0.004006939249489327,0.0493201579459608,0.6519904876465581
DS08,9.762960317399152,0.22,17.92,20.96,1.0,0.08692279104087178,-6.152697366260505e-08,0.3587804032681834,3.7779973111988356,0.6904932043183035,0.7196244523970423,0.6848824751677169,0.09011393716192888,730.0,0.634097281891703,0.16117441106344524,0.002160738209380931,0.056660852941349205,0.3239169910141135
DS09,6.9985096422506015,0.27,21.55,24.11,1.0,0.48604058208583856,7.695932542711647e-06,0.642349717764137,45.57175019977437,0.2629195372275118,0.9204570745165717,0.49364291570201674,0.16712328767123288,40.0,0.5487698690478104,0.057143444227528865,0.00052405790338359,0.01904572917432355,0.224255216355173
DS10,7.283448228756631,0.05,4.88,8.38,1.0,0.2986361241702511,-1.0295415458467796e-05,0.3328594829929266,0.4619360016322078,1.2935801695775673,0.9263310504793023,1.1637776233519144,0.15728021978021978,49.0,0.5188808797995281,0.06347824529328301,0.008501781283303174,0.09640040447297556,0.7540106276302595
DS11,7.283448228756631,0.15,13.26,24.45,1.0,0.3320257170171768,-1.4631885726672595e-05,-0.3938889742819868,2.9326637605060464,0.7791317246070032,0.9239761095345059,1.055442356838765,0.1559065934065934,56.0,0.49205428790644595,0.05293001198292612,0.007231729466913611,0.07773182690761705,0.5091335595927331
DS12,7.283448228756631,0.17,14.84,16.28,1.0,0.3318752076745722,-4.907491058947347e-06,-0.022097457971763417,2.7844979355808848,0.8864455217619167,0.914647664148419,1.1747954571359442,0.15521978021978022,59.0,0.44235054131883667,0.06423725207361596,0.0036861005218206564,0.05826849839391783,0.6795592701797947
DS13,7.283448228756631,0.1,9.41,13.12,1.0,0.23271193473616095,2.368871709422408e-06,-0.0825929713599397,2.7331560141427484,1.0598548788963837,0.9126192611704906,1.1545742354773612,0.1510989010989011,54.0,0.43482289619513315,0.07318937749571092,0.0036217172076934297,0.05743959144582547,0.3236186292003419
DS14,6.284134161070802,0.19,15.67,19.03,1.0,0.5881204862539503,0.00015961966220912,-0.09029298660988753,3.0685124615112027,0.8082764753113574,0.9213626427133892,1.058904368854852,0.19402985074626866,23.0,0.3130383071006768,0.04282945884627119,0.007860610689598303,0.07865506098021804,0.4822171353669592
DS15,6.284134161070802,0.12,10.82,13.62,1.0,0.5820310846236529,0.00019513531714841236,-0.10698159964471829,2.1040646480702394,0.9925756610945352,0.9205180890065621,1.0546181633568963,0.1921641791044776,25.0,0.3302081679789992,0.025853991941669572,0.009126275277488802,0.09283789311725475,0.5546591380668098
DS16,6.284134161070802,0.11,9.89,12.69,1.0,0.5950538357920069,0.00012476905641125297,-0.16194822374397116,2.2542289440465106,1.046880193035278,0.9235692996092029,1.066640507293552,0.1958955223880597,25.0,0.3752906672901988,0.02876443105061422,0.006471870568318962,0.08722657672058168,0.49738975248515577
DS17,6.284134161070802,0.14,11.94,14.93,1.0,0.6203040801759914,3.313726195140894e-05,0.03233024970720732,1.2979278139378296,1.0305366439119998,0.9203017392756209,1.1444805885557519,0.1958955223880597,26.0,0.3682341478430525,0.043744891819434785,0.00862597163429667,0.10000174148693604,0.7012841770730781
DS18,6.284134161070802,0.12,11.01,14.37,1.0,0.6073710506359323,-0.0003738988804180822,0.029346672905742985,1.8539990850026777,1.022846157577856,0.9287134558708031,1.0885109192580964,0.19776119402985073,25.0,0.34898942562486984,0.03327268482065693,0.008960286480972073,0.09592818437470632,0.5306655828930503
DS19,6.284134161070802,0.09,7.84,11.01,1.0,0.5848820765522063,7.988380318954647e-05,-0.030829314083449424,2.607954035940063,1.0589831389055604,0.9231881847664671,1.043470346323894,0.1921641791044776,26.0,0.3801888053413818,0.026860033818125875,0.00599716389064962,0.0803914517818803,0.6441092787750594
DS20,6.284134161070802,0.08,7.65,10.26,1.0,0.6540918861052355,-0.00034510006575279984,0.08273991572449546,2.5105678265155156,1.08032227252021,0.9230503380134415,0.9428378275903107,0.19402985074626866,27.0,0.3290088703582191,0.03269378586115118,0.006701001106983388,0.08607741784510896,0.5351083032490975
DS21,12.386734492434002,0.02,1.76,3.96,10.0,0.9813781073012944,3.7918679736917483e-06,0.10914794802838396,-0.23437165277271355,1.403397690343491,0.33043556765796195,0.13082930169564572,0.027441340222535707,8103.0,0.5051280866880384,0.7195855901096198,0.00013090590888049672,0.03748246998481264,0.036548976670432096
DS22,12.386734492434002,0.11,10.24,11.59,3.0,0.5904329806462904,2.4725760619991815e-07,35.62398424411322,1463.8166667804844,0.07003658586151831,0.8951579772058771,0.04795424780146749,0.02577607866378411,8773.0,0.5812074790996655,0.727375493882575,0.0001359931150301246,0.09174399769967978,0.03940888827797172
DS23,10.843651048821839,0.0,0.07,0.09,1.0,0.6978904227884304,-2.2128648777937677e-06,-0.07808125216999534,1.394714068181396,1.5531046375606783,0.8450571869608213,0.7304135988140887,0.07000859240743634,801.0,0.5753810534881764,0.2092177847422838,0.004276698454797052,0.05039941846205039,0.6856680709151591
DS24,10.843651048821839,0.04,3.4,6.32,11.0,0.7920506430769769,-1.6081188890425457e-05,1.5877034461896102,23.860743452674885,1.2625553681074386,0.6792545201987987,0.3091856275478664,0.05504999218872051,1456.0,0.5138154387531969,0.5811006033449042,0.0004660905092151578,0.0499890289309826,0.08403492652000118
